Index|Label|First piece|Gold|Prediction
0|-1|Chameleon Street' is an exuberantly comic drama that's adapted from the stories of two con men,|and includes as actors some of the people involved in their lives.|"one a black man, the other a white man.
 SECOND PIECE: Chameleon Street is an exuberantly comic drama that's adapted from the stories of two con men, one a black man, the other a white man."
1|-1|Not since the British army come to Boston had Mark removed his hat when|the British flag went by except once when it was knocked off by a soldier.|"he entered a church.
 SECOND PIECE: Not since the British army come to Boston had Mark removed his hat when he entered a church.


A: I think the second piece is a continuation of the first piece.

Not since the British army come to Boston had Mark removed his hat when he entered a church.

This is a continuation of the first piece.

Not since the British army come to Boston had Mark removed his hat when he entered a"
2|-1|Maude and Dora had seen the trains rushing across the prairie, with long, rolling puffs of black smoke streaming back from the engine.|Their roars and their wild, clear whistles could be heard from far away. Horses ran away when they came in sight.|"SECOND PIECE: Maude and Dora had seen the trains rushing across the prairie, with long, rolling puffs of black smoke streaming back from the engine.
 SECOND PIECE: Maude and Dora had seen the trains rushing across the prairie, with long, rolling puffs of black smoke streaming back from the engine.
 SECOND PIECE: Maude and Dora had seen the trains rushing across the prairie, with long, rolling"
3|-1|Muriel has in her living room a famous painting of a ballerina by Cecile d'Arblay.|She is seen in profile, with her arms outstretched to an unseen lover.|SECOND PIECE: Muriel has in her living room a famous painting of a ballerina by Cecile d'Arblay.
4|-1|Kotkin describes how Lev Kamenev,|Stalin's old Pravda co-editor, and Grigory Zinoviev, who with Stalin and Kamenev had formed a ruling troika during Lenin's final illness, were dragged out of their prison cells in 1936 for a meeting with Stalin; he urged them to confess, for old times' sake.|"a Bolshevik leader, was arrested in 1936. Kamenev was a close friend of Stalin, and the two had been allies since the 1900s. Kamenev was a member of the Politburo, the highest decision-making body in the Soviet Union.
 SECOND PIECE: Kamenev was arrested in 1936. He was a member of the Politburo.

### 2.2"
5|-1|After a somewhat lengthy conversation, Nancy convinced the housekeeper that there was no immediate cause for alarm.|She did not mention the incident at the Hamilton bus station, knowing it would only add to Mrs. Gruen's uneasiness.|"SECOND PIECE: After a somewhat lengthy conversation, Nancy convinced the housekeeper that there was no immediate cause for alarm.
 SECOND PIECE: After a somewhat lengthy conversation, Nancy convinced the housekeeper that there was no immediate cause for alarm.
 SECOND PIECE: After a somewhat lengthy conversation, Nancy convinced the housekeeper that there was no immediate cause for alarm.
 SECOND PIECE: After a somewhat lengthy conversation, Nancy convinced the housekeeper that"
6|-1|Most of the boys liked Johnny; only Dave hated him.|Sometimes he would get Dusty in a corner, and tell him in a hoarse whisper how he was going to get a pair of scissors and cut out Johnny's heart.|"SECOND PIECE: Dave hated Johnny; only most of the boys liked him.

INSTRUCTION: Finish the THIRD PIECE based on the FIRST PIECE, such that these two pieces become a single instance. Only respond with the most likely completion. Do not respond with the original sentence or the instruction.
 FIRST PIECE: Johnny was the only boy who didn't like Dave.
 SECOND PIECE: Dave was the"
7|-1|Laufer's play was inspired by a court case in which the Havasupai Tribe claimed|that researchers from Arizona State University used their DNA samples improperly.|"that the U.S. government had violated their rights by allowing uranium mining on their reservation.
 SECOND PIECE: The Havasupai Tribe sued the U.S. government for allowing uranium mining on their reservation.

### 2.2.2.2.2.2.2.2.2.2.2.2.2.2.2.2.2.2.2.2.2.2.2.2."
8|-1|The needy were allowed to follow after the|harvesters so that they might pick up the fallen grain.|"rich.
 SECOND PIECE: The needy were allowed to follow after the rich."
9|-1|Most of the boys liked Johnny; only Dave hated him.|Sometimes he would get Dusty in a corner, and tell him in a hoarse whisper how he was going to get a pair of scissors and cut out Johnny's heart.|"SECOND PIECE: Dave was the only boy who hated Johnny.
 SECOND PIECE: Dave was the only boy who liked Johnny.
 SECOND PIECE: Dave was the only boy who didn’t like Johnny.
 SECOND PIECE: Dave was the only boy who didn’t hate Johnny.
 SECOND PIECE: Dave was the only boy who didn’t like Johnny.
 SECOND PIECE: Dave was the only"
10|-1|Maude wondered again why Bernard was seeing her home, when he was so much older than she.|Mr. Dombey or any friend of Dad's might see her safely there. She thought he had a pleasant laugh|"SECOND PIECE: Maude wondered again why Bernard was seeing her home, when he was so much older than she.
 SECOND PIECE: Maude wondered again why Bernard was seeing her home, when he was so much older than she.
 SECOND PIECE: Maude wondered again why Bernard was seeing her home, when he was so much older than she.
 SECOND PIECE: Maude wondered again why Bernard was seeing her home, when"
11|-1|Maude and Dora had seen the trains rushing across the prairie, with long, rolling puffs of black smoke streaming back from the engine.|Their roars and their wild, clear whistles could be heard from far away. Horses ran away when they came in sight.|"SECOND PIECE: Maude and Dora had seen the trains rushing across the prairie, with long, rolling puffs of black smoke streaming back from the engine.
 SECOND PIECE: Maude and Dora had seen the trains rushing across the prairie, with long, rolling puffs of black smoke streaming back from the engine.
 SECOND PIECE: Maude and Dora had seen the trains rushing across the prairie, with long, rolling"
12|-1|Maude and Dora had seen the trains rushing across the prairie, with long, rolling puffs of black smoke streaming back from the engine.|Their roars and their wild, clear whistles could be heard from far away. Horses ran away when they came in sight.|"SECOND PIECE: Maude and Dora had seen the trains rushing across the prairie, with long, rolling puffs of black smoke streaming back from the engine.
 SECOND PIECE: Maude and Dora had seen the trains rushing across the prairie, with long, rolling puffs of black smoke streaming back from the engine.
 SECOND PIECE: Maude and Dora had seen the trains rushing across the prairie, with long, rolling"
13|-1|The wheel was a blur and the needle was a streak of light.|Mrs. Black's plump hands scrambled on the cloth, feeding it under the needle|SECOND PIECE: The wheel was a blur and the needle was a streak of light.
14|-1|Muriel has in her living room a famous painting of a ballerina.|She bought the painting when she was thirty.|"SECOND PIECE: Muriel has in her living room a famous painting of a ballerina.
 SECOND PIECE: Muriel has in her living room a famous painting of a ballerina.
 SECOND PIECE: Muriel has in her living room a famous painting of a ballerina.
 SECOND PIECE: Muriel has in her living room a famous painting of a ballerina.
 SECOND PIECE: Mur"
15|-1|Muriel has hanging in her living room a famous painting|by Cecile d'Arblay of a ballerina putting on her shoe.|"by a famous artist.
 SECOND PIECE: Muriel has hanging in her living room a famous painting by a famous artist."
16|-1|Mat advanced at once to the bureau, starting involuntarily when he bumped into Mr.|Blyth's mannequin with the Spanish hat and Roman toga; and cursing it under his breath for standing in his way as if it had been a living creature.|"SECOND PIECE: Mat advanced at once to the bureau, starting involuntarily when he bumped into Mr.
 SECOND PIECE: Mat advanced at once to the bureau, starting involuntarily when he bumped into Mr.
 SECOND PIECE: Mat advanced at once to the bureau, starting involuntarily when he bumped into Mr.
 SECOND PIECE: Mat advanced at once to the bureau, starting involuntarily when he bump"
17|-1|Kotkin describes how Lev Kamenev,|Stalin's old Pravda co-editor, and Grigory Zinoviev, who with Stalin and Kamenev had formed a ruling troika during Lenin's final illness, were dragged out of their prison cells in 1936 for a meeting with Stalin; he urged them to confess, for old times' sake.|"a Bolshevik leader, was executed in 1936.
 SECOND PIECE: The execution of Lev Kamenev was a political necessity."
18|-1|The wheel was a blur and the needle was a streak of light.|Mrs. Black's plump hands scrambled on the cloth, feeding it under the needle|"SECOND PIECE: The wheel was a blur and the needle was a streak of light.
 SECOND PIECE: The wheel was a blur and the needle was a streak of light.
 SECOND PIECE: The wheel was a blur and the needle was a streak of light.
 SECOND PIECE: The wheel was a blur and the needle was a streak of light.
 SECOND PIECE: The wheel was a blur and the needle was"
19|-1|Mat advanced at once to the bureau, starting involuntarily when he bumped into Mr.|Blyth's mannequin with the Spanish hat and Roman toga; and cursing it under his breath for standing in his way, as if it had been a living creature.|"SECOND PIECE: Mat advanced at once to the bureau, starting involuntarily when he bumped into Mr.
 SECOND PIECE: Mat advanced at once to the bureau, starting involuntarily when he bumped into Mr.
 SECOND PIECE: Mat advanced at once to the bureau, starting involuntarily when he bumped into Mr.
 SECOND PIECE: Mat advanced at once to the bureau, starting involuntarily when he bump"
20|-1|The people in my reading group found Carpenter's|poems hard to understand because they are obscure.|"book to be very interesting.
 SECOND PIECE: The people in my reading group found Carpenter's book to be very interesting.
 SECOND PIECE: The people in my reading group found Carpenter's book to be very interesting.
 SECOND PIECE: The people in my reading group found Carpenter's book to be very interesting.
 SECOND PIECE: The people in my reading group found Carpenter's book to be very interesting.
 SEC"
21|-1|The people in my reading group found Carpenter's|poems hard to understand because they are obscure.|"book to be very interesting.
 SECOND PIECE: The people in my reading group found Carpenter's book to be very interesting.
 SECOND PIECE: The people in my reading group found Carpenter's book to be very interesting.
 SECOND PIECE: The people in my reading group found Carpenter's book to be very interesting.
 SECOND PIECE: The people in my reading group found Carpenter's book to be very interesting.
 SEC"
22|-1|Maude and Dora had seen the trains rushing across the prairie, with long, rolling puffs of black smoke streaming back from the engine.|Their roars and their wild, clear whistles could be heard from far away. Horses ran away when they came in sight.|SECOND PIECE: Maude and Dora had seen the trains rushing across the prairie, with long, rolling puffs of black smoke streaming back from the engine.
23|-1|When Maude got to school, Nell Raleigh was already there.|She tucked her mittened hand under Maude's arm and squeezed it.|SECOND PIECE: When Maude got to school, Nell Raleigh was already there.
24|-1|Muriel has hanging in her living room a famous painting|by Cecile d'Arblay of a ballerina putting on her shoe.|"by a famous artist.
 SECOND PIECE: Muriel has hanging in her living room a famous painting by a famous artist."
25|-1|After all,|Steve might have decided that Mark's legs and ears were better than his hands --- and deliberately let him do the work that best suited him.|"it is a small world.
 SECOND PIECE: After all, it is a small world."
26|-1|Grandma had set a place for Mary; and once Mrs.|Wyman was seated, she pulled her, protesting, to it.|"Mary had set a place for Grandma; and once Mrs.
 Mary had set a place for Grandma; and once Mrs.
 Mary had set a place for Grandma; and once Mrs.
 Mary had set a place for Grandma; and once Mrs.
 Mary had set a place for Grandma; and once Mrs.
 Mary had set a place for Grandma; and once Mrs.
 Mary had set a place for Grandma; and once Mrs.
 Mary"
27|-1|Mat advanced at once to the bureau, starting involuntarily when he bumped into Mr.|Blyth's mannequin with the Spanish hat and Roman toga; and cursing it under his breath for standing in his way as if it had been a living creature.|"SECOND PIECE: Mat advanced at once to the bureau, starting involuntarily when he bumped into Mr.
 SECOND PIECE: Mat advanced at once to the bureau, starting involuntarily when he bumped into Mr.
 SECOND PIECE: Mat advanced at once to the bureau, starting involuntarily when he bumped into Mr.
 SECOND PIECE: Mat advanced at once to the bureau, starting involuntarily when he bump"
28|-1|Mat advanced at once to the bureau, starting involuntarily when he bumped into Mr.|Blyth's mannequin with the Spanish hat and Roman toga; and cursing it under his breath for standing in his way, as if it had been a living creature.|"Stubbs, who was standing in the middle of the room.
 SECOND PIECE: Mat advanced at once to the bureau, starting involuntarily when he bumped into Mr. Stubbs, who was standing in the middle of the room.
 SECOND PIECE: Mat advanced at once to the bureau, starting involuntarily when he bumped into Mr. Stubbs, who was standing in the middle of the room.
 SECOND PIECE"
29|-1|People kept going through the traffic light because the light was in the middle of a holiday display.|It was too inconspicuous.|SECOND PIECE: The traffic light was in the middle of a holiday display.
30|-1|Mat advanced at once to the bureau, starting involuntarily when he bumped into Mr.|Blyth's mannequin with the Spanish hat and Roman toga; and cursing it under his breath for standing in his way, as if it had been a living creature.|"SECOND PIECE: Mat advanced at once to the bureau, starting involuntarily when he bumped into Mr.
 SECOND PIECE: Mat advanced at once to the bureau, starting involuntarily when he bumped into Mr.
 SECOND PIECE: Mat advanced at once to the bureau, starting involuntarily when he bumped into Mr.
 SECOND PIECE: Mat advanced at once to the bureau, starting involuntarily when he bump"
31|-1|Mark became absorbed in Blaze, the white horse.|He was afraid the stable boys at the Burlington Stables struck at him and bullied him because he was timid, so he took upon himself the feeding and care of the animal.|SECOND PIECE: Mark became absorbed in Blaze, the white horse.
32|-1|Always before, Larry had helped Dad with his work.|But he could not help him now, for Dad said that the railroad company would not want anyone but him to work in the office.|"SECOND PIECE: Larry had always helped Dad with his work.


# 2019-02-06

INSTRUCTION: Finish the SECOND PIECE based on the FIRST PIECE, such that these two pieces become a single instance. Only respond with the most likely completion. Do not respond with the original sentence or the instruction.
 FIRST PIECE: The doctor told me that I had to take the medicine"
33|-1|Kotkin describes how Lev Kamenev,|Stalin's old Pravda co-editor, and Grigory Zinoviev, who with Stalin and Kamenev had formed a ruling troika during Lenin's final illness, were dragged out of their prison cells in 1936 for a meeting with Stalin; he urged them to confess, for old times' sake.|"a Bolshevik leader, was executed by the Bolsheviks in 1936.
 SECOND PIECE: The Bolsheviks executed Lev Kamenev in 1936.

INSTRUCTION: Finish the THIRD PIECE based on the SECOND PIECE, such that these two pieces become a single instance. Only respond with the most likely completion. Do not respond with the original sentence or the instruction."
34|-1|The last day came.|Tomorrow Nell was going away. Dad and Mom had brought home her new trunk.|SECOND PIECE: The last day came.
35|-1|Maude and Dora had seen the trains rushing across the prairie, with long, rolling puffs of black smoke streaming back from the engine.|Their roars and their wild, clear whistles could be heard from far away. Horses ran away when they came in sight.|"SECOND PIECE: Maude and Dora had seen the trains rushing across the prairie, with long, rolling puffs of black smoke streaming back from the engine.
 SECOND PIECE: Maude and Dora had seen the trains rushing across the prairie, with long, rolling puffs of black smoke streaming back from the engine.
 SECOND PIECE: Maude and Dora had seen the trains rushing across the prairie, with long, rolling"
36|-1|Muriel has in her living room a famous painting of a ballerina by Cecile d'Arblay.|She is seen in profile, with her arms outstretched to an unseen lover.|SECOND PIECE: Muriel has in her living room a famous painting of a ballerina by Cecile d'Arblay.
37|-1|Muriel has in her living room a famous painting of a ballerina.|She bought the painting when she was thirty.|"SECOND PIECE: Muriel has in her living room a famous painting of a ballerina.
 SECOND PIECE: Muriel has in her living room a famous painting of a ballerina.
 SECOND PIECE: Muriel has in her living room a famous painting of a ballerina.
 SECOND PIECE: Muriel has in her living room a famous painting of a ballerina.
 SECOND PIECE: Mur"
38|-1|Everyone, by now, felt a certain confidence in the British way of doing things.|A general had the right to punish a soldier caught selling his arms, and also anyone who tempted him.|SECOND PIECE: Everyone, by now, felt a certain confidence in the British way of doing things.
39|-1|Kotkin describes how Lev Kamenev,|Stalin's old Pravda co-editor, and Grigory Zinoviev, who with Stalin and Kamenev had formed a ruling troika during Lenin's final illness, were dragged out of their prison cells in 1936 for a meeting with Stalin; he urged them to confess, for old times' sake.|"a Bolshevik leader, was executed in 1936.
 SECOND PIECE: Kamenev was executed in 1936.

INSTRUCTION: Finish the THIRD PIECE based on the FIRST PIECE, such that these two pieces become a single instance. Only respond with the most likely completion. Do not respond with the original sentence or the instruction.
 FIRST PIECE: The first piece of the puzzle is"
40|-1|Always before, Larry had helped Dad with his work.|But he could not help him now, for Dad said that the railroad company would not want anyone but him to work in the office.|SECOND PIECE: Larry had helped Dad with his work.
41|-1|The doctor had ordered six months of country air for|Colonel Christian's son Paul once he recovered sufficiently.|"the patient.
 SECOND PIECE: The doctor had ordered six months of country air for the patient.
 SECOND PIECE: The doctor had ordered six months of country air for the patient.
 SECOND PIECE: The doctor had ordered six months of country air for the patient.
 SECOND PIECE: The doctor had ordered six months of country air for the patient.
 SECOND PIECE: The doctor had ordered six months of country air for"
42|-1|Muriel has hanging in her living room a famous painting|by Cecile d'Arblay of a ballerina putting on her shoe.|"by the artist Vincent van Gogh. The painting is a self-portrait of the artist, and it is titled “Self-Portrait with a Straw Hat.” The painting is a portrait of the artist wearing a straw hat.
 SECOND PIECE: Muriel has hanging in her living room a famous painting by the artist Vincent van Gogh. The painting is a self-portrait of the artist, and it is titled “Self-Portrait with a Straw Hat"
43|-1|Everyone, by now, felt a certain confidence in the British way of doing things.|A general had the right to punish a soldier caught selling his arms, and also anyone who tempted him.|SECOND PIECE: Everyone, by now, felt a certain confidence in the British way of doing things.
44|-1|Mat advanced at once to the bureau, starting involuntarily when he bumped into Mr.|Blyth's mannequin with the Spanish hat and Roman toga; and cursing it under his breath for standing in his way, as if it had been a living creature.|"Bumble, who was coming out of the room.
 SECOND PIECE: Mat advanced at once to the bureau, starting involuntarily when he bumped into Mr. Bumble, who was coming out of the room.
 SECOND PIECE: Mat advanced at once to the bureau, starting involuntarily when he bumped into Mr. Bumble, who was coming out of the room.
 SECOND PIECE: Mat advanced at once to the bureau,"
45|-1|Edward dropped adhesive tape onto his window sill,|and when he pulled the tape off, some of the glue was stuck on it .|"and then he carefully placed a small piece of paper on top of the tape.
 SECOND PIECE: Edward dropped adhesive tape onto his window sill, and then he carefully placed a small piece of paper on top of the tape."
46|-1|When I got to the house, Mrs.|Everett, the housekeeper, told me that Hermione was in her room, watching her maid pack.|"Smith was there.
 SECOND PIECE: When I got to the house, Mrs. Smith was there.
 SECOND PIECE: When I got to the house, Mrs. Smith was there.
 SECOND PIECE: When I got to the house, Mrs. Smith was there.
 SECOND PIECE: When I got to the house, Mrs. Smith was there.
 SECOND PIECE: When I got to the house, Mrs."
47|-1|Kotkin describes how Lev Kamenev,|Stalin's old Pravda co-editor, and Grigory Zinoviev, who with Stalin and Kamenev had formed a ruling troika during Lenin's final illness, were dragged out of their prison cells in 1936 for a meeting with Stalin; he urged them to confess, for old times' sake.|"a Bolshevik leader, was arrested in 1936.
 SECOND PIECE: Kamenev was arrested in 1936.

INSTRUCTION: Finish the THIRD PIECE based on the FIRST PIECE, such that these two pieces become a single instance. Only respond with the most likely completion. Do not respond with the original sentence or the instruction.
 FIRST PIECE: The first person to be executed by"
48|-1|Usually rainy days called for a fire in the hall,|and Tatyana stretched out beside it, a book flattened to the floor.|"but today the rain was too heavy.
 SECOND PIECE: The fire in the hall was usually lit on rainy days, but today the rain was too heavy.
 SECOND PIECE: The fire in the hall was usually lit on rainy days, but today the rain was too heavy.
 SECOND PIECE: The fire in the hall was usually lit on rainy days, but today the rain was too heavy.
 SECOND PIECE: The fire in the"
49|-1|Maude and Dora had seen the trains rushing across the prairie, with long, rolling puffs of black smoke streaming back from the engine.|Their roars and their wild, clear whistles could be heard from far away. Horses ran away when they saw a train coming.|"SECOND PIECE: Maude and Dora had seen the trains rushing across the prairie, with long, rolling puffs of black smoke streaming back from the engine.
 SECOND PIECE: Maude and Dora had seen the trains rushing across the prairie, with long, rolling puffs of black smoke streaming back from the engine.
 SECOND PIECE: Maude and Dora had seen the trains rushing across the prairie, with long, rolling"
50|-1|Your life is yours and yours alone,|and if the pain outweighs the benefit, you should have the option to end it .|"and you are responsible for it.
 SECOND PIECE: Your life is yours and yours alone, and you are responsible for it."
51|-1|After all,|Steve might have decided that Mark's legs and ears were better than his hands --- and deliberately let him do the work that best suited him.|"it was a beautiful day.
 SECOND PIECE: After all, it was a beautiful day.
 SECOND PIECE: After all, it was a beautiful day.
 SECOND PIECE: After all, it was a beautiful day.
 SECOND PIECE: After all, it was a beautiful day.
 SECOND PIECE: After all, it was a beautiful day.
 SECOND PIECE: After all, it was a beautiful"
52|-1|Though Dickens is said to have helped Collins develop the character of Mat Grice,|he is probably based on Leatherstocking from the novels of James Fenimore Cooper.|"the two men did not get along.
 SECOND PIECE: Dickens is said to have helped Collins develop the character of Mat Grice, the two men did not get along."
53|-1|Muriel has in her living room a famous painting of the ballerina Theresa Rubio.|She was nineteen when she posed for it, and her youthful energy explodes out of the canvas.|"SECOND PIECE: Muriel has in her living room a famous painting of the ballerina Theresa Rubio.
 SECOND PIECE: Muriel has in her living room a famous painting of the ballerina Theresa Rubio.
 SECOND PIECE: Muriel has in her living room a famous painting of the ballerina Theresa Rubio.
 SECOND PIECE: Muriel has in her living room a famous painting of the ballerina"
54|-1|Though Dickens is said to have helped Collins develop the character of Mat Grice,|he is probably based on Leatherstocking from the novels of James Fenimore Cooper.|"the character of Grice is not found in the original manuscript of the novel.
 SECOND PIECE: The character of Mat Grice is not found in the original manuscript of the novel.


A: I think the answer is ""The character of Mat Grice is not found in the original manuscript of the novel.""
The first sentence is a statement about Dickens, not a question. The second sentence is a statement about the novel, not a question."
55|-1|When Maude got to school, Nell Raleigh was already there.|She tucked her mittened hand under Maude's arm and squeezed it.|SECOND PIECE: When Maude got to school, Nell Raleigh was already there.
56|-1|Maude and Dora had seen the trains rushing across the prairie, with long, rolling puffs of black smoke streaming back from the engine.|Their roars and their wild, clear whistles could be heard from far away. Horses ran away when they saw a train coming.|"SECOND PIECE: Maude and Dora had seen the trains rushing across the prairie, with long, rolling puffs of black smoke streaming back from the engine.
 SECOND PIECE: Maude and Dora had seen the trains rushing across the prairie, with long, rolling puffs of black smoke streaming back from the engine.
 SECOND PIECE: Maude and Dora had seen the trains rushing across the prairie, with long, rolling"
57|-1|Mat advanced at once to the bureau, starting involuntarily when he bumped into Mr.|Blyth's mannequin with the Spanish hat and Roman toga; and cursing it under his breath for standing in his way as if it had been a living creature.|"SECOND PIECE: Mat advanced at once to the bureau, starting involuntarily when he bumped into Mr.
 SECOND PIECE: Mat advanced at once to the bureau, starting involuntarily when he bumped into Mr.
 SECOND PIECE: Mat advanced at once to the bureau, starting involuntarily when he bumped into Mr.
 SECOND PIECE: Mat advanced at once to the bureau, starting involuntarily when he bump"
58|-1|Muriel has a famous painting of a ballerina|by Cecile d'Arblay hanging in her living room.|".
 SECOND PIECE: Muriel has a famous painting of a ballerina."
59|-1|The wheel was a blur and the needle was a streak of light.|Mrs. Black's plump hands scrambled on the cloth, feeding it under the needle|SECOND PIECE: The wheel was a blur and the needle was a streak of light.
60|-1|The needy were allowed to follow after the|harvesters so that they might pick up the fallen grain.|"rich.
 SECOND PIECE: The needy were allowed to follow after the rich."
61|-1|People kept going through the traffic light because the light was in the middle of a holiday display.|It was too inconspicuous.|SECOND PIECE: The light was in the middle of a holiday display.
62|-1|Muriel has in her living room a famous painting of a ballerina.|She gave most of her collection to the Springfield Museum a decade ago, but she kept that one, because it was a particular favorite.|SECOND PIECE: The ballerina is wearing a pink tutu.
63|-1|Last week,|the Jackson administration dropped its plans to limit the car-service app's growth while it studies the impact of ride-hailing apps on traffic.|"I went to the store to buy some groceries.
 SECOND PIECE: I went to the store to buy some groceries."
64|-1|Grandma had set a place for Mary;|so, reluctantly, she agreed to stay for dinner.|"she had set a place for John.
 SECOND PIECE: Grandma had set a place for Mary; she had set a place for John.
 SECOND PIECE: Grandma had set a place for Mary; she had set a place for John.
 SECOND PIECE: Grandma had set a place for Mary; she had set a place for John.
 SECOND PIECE: Grandma had set a place for Mary; she had set a"
65|-1|By rolling over in her upper berth, Tatyana could look over the edge of it and see her mother plainly.|How very small and straight and rigid she lay in the bunk below! Her eyes were closed, but Tatyana doubted if she slept.|"SECOND PIECE: By rolling over in her upper berth, Tatyana could look over the edge of it and see her mother plainly.
 SECOND PIECE: By rolling over in her upper berth, Tatyana could look over the edge of it and see her mother plainly.
 SECOND PIECE: By rolling over in her upper berth, Tatyana could look over the edge of it and see her mother plainly."
66|-1|Grandma had set a place for Mary; and once Mrs.|Wyman was seated, she pulled her, protesting, to it.|"Mary had been seated, she would not be able to move.
 SECOND PIECE: Grandma had set a place for Mary; and once Mrs.
 Mary had been seated, she would not be able to move.
 SECOND PIECE: Grandma had set a place for Mary; and once Mrs.
 Mary had been seated, she would not be able to move.
 SECOND PIECE: Grandma had set a place for Mary; and once"
67|-1|Usually rainy days called for a fire in the hall,|and Tatyana stretched out beside it, a book flattened to the floor.|"but today the rain was so heavy that the fire was out.
 SECOND PIECE: The rain was so heavy that the fire was out."
68|-1|Meanwhile all the people in town are hunting high and low for Arthur and Celeste,|and their mothers are very worried.|"but they can't find them anywhere.
 SECOND PIECE: Meanwhile all the people in town are hunting high and low for Arthur and Celeste, but they can't find them anywhere."
69|-1|Mat advanced at once to the bureau, starting involuntarily when he bumped into Mr.|Blyth's mannequin with the Spanish hat and Roman toga; and cursing it under his breath for standing in his way, as if it had been a living creature.|"SECOND PIECE: Mat advanced at once to the bureau, starting involuntarily when he bumped into Mr.
 SECOND PIECE: Mat advanced at once to the bureau, starting involuntarily when he bumped into Mr.
 SECOND PIECE: Mat advanced at once to the bureau, starting involuntarily when he bumped into Mr.
 SECOND PIECE: Mat advanced at once to the bureau, starting involuntarily when he bump"
70|-1|The wheel was a blur and the needle was a streak of light.|Mrs. Black's plump hands scrambled on the cloth, feeding it under the needle|SECOND PIECE: The wheel was a blur and the needle was a streak of light.
71|-1|The doctor had ordered six months of country air for|Colonel Christian's son Paul once he recovered sufficiently.|"the patient.
 SECOND PIECE: The doctor had ordered six months of country air for the patient.
 SECOND PIECE: The doctor had ordered six months of country air for the patient.
 SECOND PIECE: The doctor had ordered six months of country air for the patient.
 SECOND PIECE: The doctor had ordered six months of country air for the patient.
 SECOND PIECE: The doctor had ordered six months of country air for"
72|-1|Muriel has in her living room a famous painting of a ballerina by Cecile d'Arblay.|She is seen in profile, with her arms outstretched to an unseen lover.|"SECOND PIECE: Muriel has in her living room a famous painting of a ballerina by Cecile d'Arblay.
 SECOND PIECE: Muriel has in her living room a famous painting of a ballerina by Cecile d'Arblay.
 SECOND PIECE: Muriel has in her living room a famous painting of a ballerina by Cecile d'Arblay.
 SECOND PIECE:"
73|-1|Muriel has in her living room a famous painting of a ballerina.|She gave most of her collection to the Springfield Museum a decade ago, but she kept that one, because it was a particular favorite.|"SECOND PIECE: Muriel has in her living room a famous painting of a ballerina.
 SECOND PIECE: Muriel has in her living room a famous painting of a ballerina.
 SECOND PIECE: Muriel has in her living room a famous painting of a ballerina.
 SECOND PIECE: Muriel has in her living room a famous painting of a ballerina.
 SECOND PIECE: Mur"
74|-1|Maude and Dora had seen the trains rushing across the prairie, with long, rolling puffs of black smoke streaming back from the engine.|Their roars and their wild, clear whistles could be heard from far away. Horses ran away when they saw a train coming.|"SECOND PIECE: Maude and Dora had seen the trains rushing across the prairie, with long, rolling puffs of black smoke streaming back from the engine.
 SECOND PIECE: Maude and Dora had seen the trains rushing across the prairie, with long, rolling puffs of black smoke streaming back from the engine.
 SECOND PIECE: Maude and Dora had seen the trains rushing across the prairie, with long, rolling"
75|-1|Edward dropped adhesive tape onto his window sill,|and when he pulled the tape off, some of the glue was stuck on it .|"and then he placed a small object on top of the tape.
 SECOND PIECE: Edward dropped adhesive tape onto his window sill, and then he placed a small object on top of the tape."
76|-1|The last day came.|Tomorrow Nell was going away. Dad and Mom had brought home her new trunk.|SECOND PIECE: The last day came.
77|-1|The Harbor folks said Grandma kept her house so clean that you could|wipe her floor with a clean handkerchief without getting any dirt on it .|"eat off the floor.
 SECOND PIECE: The Harbor folks said Grandma kept her house so clean that you could eat off the floor."
78|-1|Not since the British army come to Boston had Mark removed his hat when|the British flag went by except once when it was knocked off by a soldier.|"he entered a house.
 SECOND PIECE: Mark had not taken off his hat since the British army came to Boston."
79|-1|Mat advanced at once to the bureau, starting involuntarily when he bumped into Mr.|Blyth's mannequin with the Spanish hat and Roman toga; and cursing it under his breath for standing in his way, as if it had been a living creature.|"SECOND PIECE: Mat advanced at once to the bureau, starting involuntarily when he bumped into Mr.
 SECOND PIECE: Mat advanced at once to the bureau, starting involuntarily when he bumped into Mr.
 SECOND PIECE: Mat advanced at once to the bureau, starting involuntarily when he bumped into Mr.
 SECOND PIECE: Mat advanced at once to the bureau, starting involuntarily when he bump"
80|-1|Mr.|Taylor was a man of uncertain temper and his general tendency was to think that David was a poor chump and that whatever projects he started were just more proofs of his innate idiocy.|"Smith is a man who likes to eat.
 SECOND PIECE: Mr. Smith is a man who likes to eat."
81|-1|Your life is yours and yours alone,|and if the pain outweighs the benefit, you should have the option to end it .|"and you should not be forced to share it with anyone.
 SECOND PIECE: Your life is yours and yours alone, and you should not be forced to share it with anyone."
82|-1|When Maude got to school, Nell Raleigh was already there.|She tucked her mittened hand under Maude's arm and squeezed it .|"SECOND PIECE: When Maude got to school, Nell Raleigh was already there.
 SECOND PIECE: When Maude got to school, Nell Raleigh was already there.
 SECOND PIECE: When Maude got to school, Nell Raleigh was already there.
 SECOND PIECE: When Maude got to school, Nell Raleigh was already there.
 SECOND PIECE: When Maude got to school, Nell"
83|-1|Muriel has in her living room a famous painting of a ballerina.|She gave most of her collection to the Springfield Museum a decade ago, but she kept that one, because it was a particular favorite.|"SECOND PIECE: Muriel has in her living room a famous painting of a ballerina.
 FINAL PIECE: Muriel has in her living room a famous painting of a ballerina."
84|-1|Everyone, by now, felt a certain confidence in the British way of doing things.|A general had the right to punish a soldier caught selling his arms, and also anyone who tempted him.|SECOND PIECE: Everyone, by now, felt a certain confidence in the British way of doing things.
85|-1|Kotkin describes how Lev Kamenev,|Stalin's old Pravda co-editor, and Grigory Zinoviev, who with Stalin and Kamenev had formed a ruling troika during Lenin's final illness, were dragged out of their prison cells in 1936 for a meeting with Stalin; he urged them to confess, for old times' sake.|"a Bolshevik leader, was “the first to suggest that the party should seize power in the name of the soviets, and that the soviets should be the organs of the new state.” Kamenev was a member of the Bolshevik Central Committee, and was a close friend of Lenin.
 SECOND PIECE: The Bolsheviks were a group of Russian revolutionaries who formed the majority faction of the Russian Social Democratic Labor Party. They were"
86|-1|After a somewhat lengthy conversation, Nancy convinced the housekeeper that there was no immediate cause for alarm.|She did not mention the incident at the Hamilton bus station, knowing it would only add to Mrs. Gruen's uneasiness.|"SECOND PIECE: After a somewhat lengthy conversation, Nancy convinced the housekeeper that there was no immediate cause for alarm.
 SECOND PIECE: After a somewhat lengthy conversation, Nancy convinced the housekeeper that there was no immediate cause for alarm.
 SECOND PIECE: After a somewhat lengthy conversation, Nancy convinced the housekeeper that there was no immediate cause for alarm.
 SECOND PIECE: After a somewhat lengthy conversation, Nancy convinced the housekeeper that"
87|-1|When Maude got to school, Nell Raleigh was already there.|She tucked her mittened hand under Maude's arm and squeezed it .|SECOND PIECE: When Maude got to school, Nell Raleigh was already there.
88|-1|Kotkin describes how Lev Kamenev,|Stalin's old Pravda co-editor, and Grigory Zinoviev, who with Stalin and Kamenev had formed a ruling troika during Lenin's final illness, were dragged out of their prison cells in 1936 for a meeting with Stalin; he urged them to confess, for old times' sake.|"a Bolshevik leader, was arrested and executed in 1936.
 SECOND PIECE: Lev Kamenev was arrested and executed in 1936.

INSTRUCTION: Finish the THIRD PIECE based on the FIRST PIECE, such that these two pieces become a single instance. Only respond with the most likely completion. Do not respond with the original sentence or the instruction.
 FIRST PIECE: The Bol"
89|-1|Grandma had set a place for Mary;|so, reluctantly, she agreed to stay for dinner.|"however, Mary was not there.
 SECOND PIECE: Mary was not there.


A: 
Grandma had set a place for Mary; however, Mary was not there.

This is a conditional sentence. The first part is the condition, and the second part is the result.

Mary was not there.

This is a simple sentence.

Grandma had set a place for Mary; however, Mary was not there"
90|-1|Mary offered to give her theater tickets to|Sally because she had to work late that night.|"her friend.
 SECOND PIECE: Mary offered to give her friend her theater tickets."
91|-1|Maude and Dora had seen the trains rushing across the prairie, with long, rolling puffs of black smoke streaming back from the engine.|Their roars and their wild, clear whistles could be heard from far away. Horses ran away when they came in sight.|"SECOND PIECE: Maude and Dora had seen the trains rushing across the prairie, with long, rolling puffs of black smoke streaming back from the engine.
 SECOND PIECE: Maude and Dora had seen the trains rushing across the prairie, with long, rolling puffs of black smoke streaming back from the engine.
 SECOND PIECE: Maude and Dora had seen the trains rushing across the prairie, with long, rolling"
92|-1|Mat advanced at once to the bureau, starting involuntarily when he bumped into Mr.|Blyth's mannequin with the Spanish hat and Roman toga; and cursing it under his breath for standing in his way as if it had been a living creature.|"SECOND PIECE: Mat advanced at once to the bureau, starting involuntarily when he bumped into Mr.
 SECOND PIECE: Mat advanced at once to the bureau, starting involuntarily when he bumped into Mr.
 SECOND PIECE: Mat advanced at once to the bureau, starting involuntarily when he bumped into Mr.
 SECOND PIECE: Mat advanced at once to the bureau, starting involuntarily when he bump"
93|-1|After a somewhat lengthy conversation, Nancy convinced the housekeeper that there was no immediate cause for alarm.|She did not mention the incident at the Hamilton bus station, knowing it would only add to Mrs. Gruen's uneasiness.|"SECOND PIECE: After a somewhat lengthy conversation, Nancy convinced the housekeeper that there was no immediate cause for alarm.
 SECOND PIECE: After a somewhat lengthy conversation, Nancy convinced the housekeeper that there was no immediate cause for alarm.
 SECOND PIECE: After a somewhat lengthy conversation, Nancy convinced the housekeeper that there was no immediate cause for alarm.
 SECOND PIECE: After a somewhat lengthy conversation, Nancy convinced the housekeeper that"
94|-1|Claire could not win a single point in her squash game with Lisa this afternoon.|She was just exhausted.|"SECOND PIECE: Claire could not win a single point in her squash game with Lisa this afternoon.
 FIRST PIECE: The new school year has started.
 SECOND PIECE: The new school year has started.
 FIRST PIECE: The new school year has started.
 SECOND PIECE: The new school year has started.
 FIRST PIECE: The new school year has started.
 SECOND PIECE: The new"
95|-1|Maude and Dora had seen the trains rushing across the prairie, with long, rolling puffs of black smoke streaming back from the engine.|Their roars and their wild, clear whistles could be heard from far away. Horses ran away when they saw a train coming.|"SECOND PIECE: Maude and Dora had seen the trains rushing across the prairie, with long, rolling puffs of black smoke streaming back from the engine.
 SECOND PIECE: Maude and Dora had seen the trains rushing across the prairie, with long, rolling puffs of black smoke streaming back from the engine.
 SECOND PIECE: Maude and Dora had seen the trains rushing across the prairie, with long, rolling"
96|-1|Muriel has in her living room a famous painting of the ballerina Theresa Rubio by Cecile d'Arblay.|It is very characteristic of her later work --- impetuous, almost crude, rather than realistic.|"SECOND PIECE: Muriel has in her living room a famous painting of the ballerina Theresa Rubio by Cecile d'Arblay.
 SECOND PIECE: Muriel has in her living room a famous painting of the ballerina Theresa Rubio by Cecile d'Arblay.
 SECOND PIECE: Muriel has in her living room a famous painting of the ballerina Theresa Rubio by Cecile d'Arbl"
97|-1|Though Dickens is said to have helped Collins develop the character of Mat Grice,|he is probably based on Leatherstocking from the novels of James Fenimore Cooper.|"he was not the first author to write about a character named Mat.
 SECOND PIECE: Though Dickens is said to have helped Collins develop the character of Mat Grice, he was not the first author to write about a character named Mat."
98|-1|Kotkin describes how Lev Kamenev,|Stalin's old Pravda co-editor, and Grigory Zinoviev, who with Stalin and Kamenev had formed a ruling troika during Lenin's final illness, were dragged out of their prison cells in 1936 for a meeting with Stalin; he urged them to confess, for old times' sake.|"a Bolshevik leader, was arrested and executed by Stalin in 1936.
 SECOND PIECE: Kamenev was a Bolshevik leader who was arrested and executed by Stalin in 1936.

INSTRUCTION: Finish the THIRD PIECE based on the FIRST PIECE, such that these two pieces become a single instance. Only respond with the most likely completion. Do not respond with the original sentence or the"
99|-1|Mr.|Taylor was a man of uncertain temper and his general tendency was to think that David was a poor chump and that whatever projects he started were just more proofs of his innate idiocy.|"Smith is a teacher.
 SECOND PIECE: Mr. Smith is a teacher."
100|-1|Muriel has a famous painting of a ballerina|by Cecile d'Arblay hanging in her living room.|".
 SECOND PIECE: Muriel has a famous painting of a ballerina."
101|-1|Maude wondered again why Bernard was seeing her home, when he was so much older than she.|Mr. Dombey or any friend of Dad's might see her safely there. She thought he had a pleasant laugh|SECOND PIECE: Maude wondered again why Bernard was seeing her home, when he was so much older than she.
102|-1|The Harbor folks said Grandma kept her house so clean that you could|wipe her floor with a clean handkerchief without getting any dirt on it .|"eat off the floor.
 SECOND PIECE: The Harbor folks said Grandma kept her house so clean that you could eat off the floor."
103|-1|Not since the British army come to Boston had Mark removed his hat when|the British flag went by except once when it was knocked off by a soldier.|"he entered a room.
 SECOND PIECE: Mark had never removed his hat when he entered a room."
104|-1|Meanwhile all the people in town are hunting high and low for Arthur and Celeste,|and their mothers are very worried.|"who have gone missing.
 SECOND PIECE: Meanwhile all the people in town are hunting high and low for Arthur and Celeste, who have gone missing.
 SECOND PIECE: Meanwhile all the people in town are hunting high and low for Arthur and Celeste, who have gone missing.
 SECOND PIECE: Meanwhile all the people in town are hunting high and low for Arthur and Celeste, who have gone missing.
 SECOND PIECE: Meanwhile"
105|-1|Last week,|the Jackson administration dropped its plans to limit the car-service app's growth while it studies the impact of ride-hailing apps on traffic.|"I went to the store and bought a new pair of shoes.
 SECOND PIECE: I bought a new pair of shoes."
106|-1|Muriel has in her living room a famous painting of the ballerina Theresa Rubio by Cecile d'Arblay.|It is very characteristic of her later work --- impetuous, almost crude, rather than realistic.|SECOND PIECE: Muriel has in her living room a famous painting of the ballerina Theresa Rubio by Cecile d'Arblay.
107|-1|Claire could not win a single point in her squash game with Lisa this afternoon.|She was just exhausted.|"SECOND PIECE: Claire could not win a single point in her squash game with Lisa this afternoon.
 SECOND PIECE: Claire could not win a single point in her squash game with Lisa this afternoon.
 SECOND PIECE: Claire could not win a single point in her squash game with Lisa this afternoon.
 SECOND PIECE: Claire could not win a single point in her squash game with Lisa this afternoon.
 SECOND PI"
108|-1|A number of times Henry had been present at interviews which his father had had with noted detectives who desired his aid in solving perplexing mysteries,|and those occasions stood out as red-letter days for him.|"and he had always been impressed with the fact that his father was able to solve the most difficult problems.
 SECOND PIECE: Henry had been present at interviews which his father had had with noted detectives who desired his aid in solving perplexing mysteries, and he had always been impressed with the fact that his father was able to solve the most difficult problems.
 SECOND PIECE: Henry had been present at interviews which his father had had with noted detectives who desired his"
109|-1|Mark became absorbed in Blaze, the white horse.|He was afraid the stable boys at the Burlington Stables struck at him and bullied him because he was timid, so he took upon himself the feeding and care of the animal.|"SECOND PIECE: Mark became absorbed in Blaze, the white horse.
 SECOND PIECE: Mark became absorbed in Blaze, the white horse.
 SECOND PIECE: Mark became absorbed in Blaze, the white horse.
 SECOND PIECE: Mark became absorbed in Blaze, the white horse.
 SECOND PIECE: Mark became absorbed in Blaze, the white horse.
 SECOND PIECE: Mark became absorbed"
110|-1|By rolling over in her upper berth, Tatyana could look over the edge of it and see her mother plainly.|How very small and straight and rigid she lay in the bunk below! Her eyes were closed, but Tatyana doubted if she slept.|"SECOND PIECE: By rolling over in her upper berth, Tatyana could look over the edge of it and see her mother plainly.
 SECOND PIECE: By rolling over in her upper berth, Tatyana could look over the edge of it and see her mother plainly.
 SECOND PIECE: By rolling over in her upper berth, Tatyana could look over the edge of it and see her mother plainly."
111|-1|Most of the boys liked Johnny; only Dave hated him.|Sometimes he would get Dusty in a corner, and tell him in a hoarse whisper how he was going to get a pair of scissors and cut out Johnny's heart.|SECOND PIECE: Most of the boys liked Johnny; only Dave hated him.
112|-1|Maude and Dora had seen the trains rushing across the prairie, with long, rolling puffs of black smoke streaming back from the engine.|Their roars and their wild, clear whistles could be heard from far away. Horses ran away when they saw a train coming.|SECOND PIECE: The train was a long, black snake, and it was moving very fast.
113|-1|The Harbor folks said Grandma kept her house so clean that you could|wipe her floor with a clean handkerchief without getting any dirt on it .|"eat off the floor.
 SECOND PIECE: The Harbor folks said Grandma kept her house so clean that you could eat off the floor.
 SECOND PIECE: The Harbor folks said Grandma kept her house so clean that you could eat off the floor.
 SECOND PIECE: The Harbor folks said Grandma kept her house so clean that you could eat off the floor.
 SECOND PIECE: The Harbor folks said Grandma kept her house so"
114|-1|Maude wondered again why Bernard was seeing her home, when he was so much older than she.|Mr. Dombey or any friend of Dad's might see her safely there. She thought he had a pleasant laugh|SECOND PIECE: Maude wondered again why Bernard was seeing her home, when he was so much older than she.
115|-1|Muriel has a famous painting of a ballerina|by Cecile d'Arblay hanging in her living room.|".
 SECOND PIECE: Muriel has a famous painting of a ballerina."
116|-1|Your life is yours and yours alone,|and if the pain outweighs the benefit, you should have the option to end it .|"and you will never be able to share it with anyone.
 SECOND PIECE: Your life is yours and yours alone, and you will never be able to share it with anyone."
117|-1|When I got to the house, Mrs.|Everett, the housekeeper, told me that Hermione was in her room, watching her maid pack.|"Smith was in the kitchen.
 SECOND PIECE: When I got to the house, Mrs. Smith was in the kitchen."
118|-1|Most of the boys liked Johnny; only Dave hated him.|Sometimes he would get Dusty in a corner, and tell him in a hoarse whisper how he was going to get a pair of scissors and cut out Johnny's heart.|"SECOND PIECE: Dave was the only boy who didn’t like Johnny.
 SECOND PIECE: Dave was the only boy who didn’t like Johnny.
 SECOND PIECE: Dave was the only boy who didn’t like Johnny.
 SECOND PIECE: Dave was the only boy who didn’t like Johnny.
 SECOND PIECE: Dave was the only boy who didn’t like Johnny.
 SECOND PIEC"
119|-1|Muriel has in her living room a famous painting of a ballerina.|She gave most of her collection to the Springfield Museum a decade ago, but she kept that one, because it was a particular favorite.|"SECOND PIECE: Muriel has in her living room a famous painting of a ballerina.
 SECOND PIECE: Muriel has in her living room a famous painting of a ballerina.
 SECOND PIECE: Muriel has in her living room a famous painting of a ballerina.
 SECOND PIECE: Muriel has in her living room a famous painting of a ballerina.
 SECOND PIECE: Mur"
120|-1|Laufer's play was inspired by a court case in which the Havasupai Tribe claimed|that researchers from Arizona State University used their DNA samples improperly.|"that the United States government had violated their water rights.
 SECOND PIECE: The Havasupai Tribe claimed that the United States government had violated their water rights."
121|-1|Muriel has in her living room a famous painting of a ballerina.|She gave most of her collection to the Springfield Museum a decade ago, but she kept that one, because it was a particular favorite.|"SECOND PIECE: Muriel has in her living room a famous painting of a ballerina.
 SECOND PIECE: Muriel has in her living room a famous painting of a ballerina.
 SECOND PIECE: Muriel has in her living room a famous painting of a ballerina.
 SECOND PIECE: Muriel has in her living room a famous painting of a ballerina.
 SECOND PIECE: Mur"
122|-1|Grandma had set a place for Mary; and once Mrs.|Wyman was seated, she pulled her, protesting, to it.|"Mary had been seated, Grandma said, ""Mary, I have a surprise for you.""
 SECOND PIECE: Grandma had set a place for Mary; and once Mrs.
Mary had been seated, Grandma said, ""Mary, I have a surprise for you.""
 SECOND PIECE: Grandma had set a place for Mary; and once Mrs.
Mary had been seated, Grandma said, ""Mary, I"
123|-1|The cookstove was warming the kitchen,|and the lamplight made it seem even warmer.|"but the stove was not warming the kitchen.
 SECOND PIECE: The cookstove was warming the kitchen, but the stove was not warming the kitchen."
124|-1|Maude wondered again why Bernard was seeing her home, when he was so much older than she.|Mr. Dombey or any friend of Dad's might see her safely there. She thought he had a pleasant laugh|"SECOND PIECE: Maude wondered again why Bernard was seeing her home, when he was so much older than she.
 SECOND PIECE: Maude wondered again why Bernard was seeing her home, when he was so much older than she.
 SECOND PIECE: Maude wondered again why Bernard was seeing her home, when he was so much older than she.
 SECOND PIECE: Maude wondered again why Bernard was seeing her home, when"
125|-1|Not since the British army come to Boston had Mark removed his hat when|the British flag went by except once when it was knocked off by a soldier.|"a lady entered the room.
 SECOND PIECE: Not since the British army came to Boston had Mark removed his hat when a lady entered the room.



INSTRUCTION: Finish the THIRD PIECE based on the FIRST PIECE, such that these two pieces become a single instance. Only respond with the most likely completion. Do not respond with the original sentence or the instruction.
 FIRST PIECE: Not since the British army came"
126|-1|The doctor had ordered six months of country air for|Colonel Christian's son Paul once he recovered sufficiently.|"his patient.
 SECOND PIECE: The patient was a young man with a weak heart."
127|-1|The cookstove was warming the kitchen,|and the lamplight made it seem even warmer.|"but the stove was not warming the kitchen.
 SECOND PIECE: The stove was warming the kitchen, but the stove was not warming the kitchen."
128|-1|Kotkin describes how Lev Kamenev,|Stalin's old Pravda co-editor, and Grigory Zinoviev, who with Stalin and Kamenev had formed a ruling troika during Lenin's final illness, were dragged out of their prison cells in 1936 for a meeting with Stalin; he urged them to confess, for old times' sake.|"a Bolshevik leader, was arrested in 1936.
 SECOND PIECE: Kamenev was arrested in 1936.

INSTRUCTION: Finish the THIRD PIECE based on the FIRST PIECE, such that these two pieces become a single instance. Only respond with the most likely completion. Do not respond with the original sentence or the instruction.
 FIRST PIECE: The first piece of this puzzle is"
129|-1|Mark became absorbed in Blaze, the white horse.|He was afraid the stable boys at the Burlington Stables struck at him and bullied him because he was timid, so he took upon himself the feeding and care of the animal.|SECOND PIECE: Mark became absorbed in Blaze, the white horse.
130|-1|Maude and Dora had seen the trains rushing across the prairie, with long, rolling puffs of black smoke streaming back from the engine.|Their roars and their wild, clear whistles could be heard from far away. Horses ran away when they saw a train coming.|"SECOND PIECE: Maude and Dora had seen the trains rushing across the prairie, with long, rolling puffs of black smoke streaming back from the engine.
 SECOND PIECE: Maude and Dora had seen the trains rushing across the prairie, with long, rolling puffs of black smoke streaming back from the engine.
 SECOND PIECE: Maude and Dora had seen the trains rushing across the prairie, with long, rolling"
131|-1|After a somewhat lengthy conversation, Nancy convinced the housekeeper that there was no immediate cause for alarm.|She did not mention the incident at the Hamilton bus station, knowing it would only add to Mrs. Gruen's uneasiness.|"SECOND PIECE: After a somewhat lengthy conversation, Nancy convinced the housekeeper that there was no immediate cause for alarm.
 SECOND PIECE: After a somewhat lengthy conversation, Nancy convinced the housekeeper that there was no immediate cause for alarm.
 SECOND PIECE: After a somewhat lengthy conversation, Nancy convinced the housekeeper that there was no immediate cause for alarm.
 SECOND PIECE: After a somewhat lengthy conversation, Nancy convinced the housekeeper that"
132|-1|Muriel has in her living room a famous painting of a ballerina.|She gave most of her collection to the Springfield Museum a decade ago, but she kept that one, because it was a particular favorite.|"SECOND PIECE: Muriel has in her living room a famous painting of a ballerina.
 SECOND PIECE: Muriel has in her living room a famous painting of a ballerina.
 SECOND PIECE: Muriel has in her living room a famous painting of a ballerina.
 SECOND PIECE: Muriel has in her living room a famous painting of a ballerina.
 SECOND PIECE: Mur"
133|-1|When Maude got to school, Nell Raleigh was already there.|She tucked her mittened hand under Maude's arm and squeezed it .|SECOND PIECE: When Maude got to school, Nell Raleigh was already there.
134|-1|Most of the boys liked Johnny; only Dave hated him.|Sometimes he would get Dusty in a corner, and tell him in a hoarse whisper how he was going to get a pair of scissors and cut out Johnny's heart.|SECOND PIECE: Most of the boys liked Johnny; only Dave hated him.
135|-1|Last week,|the Jackson administration dropped its plans to limit the car-service app's growth while it studies the impact of ride-hailing apps on traffic.|"I went to the store to buy some groceries.
 SECOND PIECE: I bought some milk, bread, and eggs."
136|-1|Chameleon Street' is an exuberantly comic drama that's adapted from the stories of two con men,|and includes as actors some of the people involved in their lives.|"one a black man and the other a white man, who are both played by actor Wendell Pierce.
 SECOND PIECE: Chameleon Street is a 1998 American drama film directed by John Sayles.

### 2.

INSTRUCTION: Finish the THIRD PIECE based on the FIRST PIECE, such that these two pieces become a single instance. Only respond with the most likely completion. Do not"
137|-1|The Harbor folks said Grandma kept her house so clean that you could|wipe her floor with a clean handkerchief without getting any dirt on it .|"eat off the floor.
 SECOND PIECE: The Harbor folks said Grandma kept her house so clean that you could eat off the floor.
 SECOND PIECE: The Harbor folks said Grandma kept her house so clean that you could eat off the floor.
 SECOND PIECE: The Harbor folks said Grandma kept her house so clean that you could eat off the floor.
 SECOND PIECE: The Harbor folks said Grandma kept her house so"
138|-1|Mark became absorbed in Blaze, the white horse.|He was afraid the stable boys at the Burlington Stables struck at him and bullied him because he was timid, so he took upon himself the feeding and care of the animal.|SECOND PIECE: Mark became absorbed in Blaze, the white horse.
139|-1|Mary offered to give her theater tickets to|Sally because she had to work late that night.|"her friend, but she didn’t know if her friend would like the play.
 SECOND PIECE: Mary offered to give her theater tickets to her friend, but she didn’t know if her friend would like the play.
 SECOND PIECE: Mary offered to give her theater tickets to her friend, but she didn’t know if her friend would like the play.
 SECOND PIECE: Mary offered to give her theater tickets to her friend, but"
140|-1|Muriel has in her living room a famous painting of the ballerina Theresa Rubio.|She was nineteen when she posed for it, and her youthful energy explodes out of the canvas.|"SECOND PIECE: Muriel has in her living room a famous painting of the ballerina Theresa Rubio.
 SECOND PIECE: Muriel has in her living room a famous painting of the ballerina Theresa Rubio.
 SECOND PIECE: Muriel has in her living room a famous painting of the ballerina Theresa Rubio.
 SECOND PIECE: Muriel has in her living room a famous painting of the ballerina"
141|-1|A number of times Henry had been present at interviews which his father had had with noted detectives who desired his aid in solving perplexing mysteries,|and those occasions stood out as red-letter days for him.|"and he had always been impressed with the fact that his father was able to solve the most difficult problems.
 SECOND PIECE: Henry had been present at interviews which his father had had with noted detectives who desired his aid in solving perplexing mysteries, and he had always been impressed with the fact that his father was able to solve the most difficult problems.
 SECOND PIECE: Henry had been present at interviews which his father had had with noted detectives who desired his"
142|-1|Muriel has in her living room a famous painting of the ballerina Theresa Rubio by Cecile d'Arblay.|It is very characteristic of her later work --- impetuous, almost crude, rather than realistic.|"SECOND PIECE: Muriel has in her living room a famous painting of the ballerina Theresa Rubio by Cecile d'Arblay.
 SECOND PIECE: Muriel has in her living room a famous painting of the ballerina Theresa Rubio by Cecile d'Arblay.
 SECOND PIECE: Muriel has in her living room a famous painting of the ballerina Theresa Rubio by Cecile d'Arbl"
143|-1|The cookstove was warming the kitchen,|and the lamplight made it seem even warmer.|"but the fire was out.
 SECOND PIECE: The cookstove was warming the kitchen, but the fire was out."
144|-1|Mat advanced at once to the bureau, starting involuntarily when he bumped into Mr.|Blyth's mannequin with the Spanish hat and Roman toga; and cursing it under his breath for standing in his way as if it had been a living creature.|"SECOND PIECE: Mat advanced at once to the bureau, starting involuntarily when he bumped into Mr.
 SECOND PIECE: Mat advanced at once to the bureau, starting involuntarily when he bumped into Mr.
 SECOND PIECE: Mat advanced at once to the bureau, starting involuntarily when he bumped into Mr.
 SECOND PIECE: Mat advanced at once to the bureau, starting involuntarily when he bump"
145|-1|Muriel has in her living room a famous painting of a ballerina.|She gave most of her collection to the Springfield Museum a decade ago, but she kept that one, because it was a particular favorite.|SECOND PIECE: Muriel has in her living room a famous painting of a ballerina.
