Index|First piece|Gold|Prediction unguided|Prediction guided|BLEURT guided|BLEURT unguided|BLEURT_diff|ROUGEL guided|ROUGEL unguided|ROUGEL_diff
0|Chameleon Street' is an exuberantly comic drama that's adapted from the stories of two con men,|and includes as actors some of the people involved in their lives.|Chameleon Street' is an exuberantly comic drama that's adapted from the stories of two con men, who take turns playing the lead role of a young black man who uses his wits, brawn and sexual magnetism to con people out of their money.|"who live in a small town in the American South. The film follows their misadventures as they try to 
 ### FIRST PIECE: scam a wealthy widow out of her money, and get involved with a local gang of thieves. The film 
 ### SECOND PIECE: stars Danny Glover, Bill Cosby, and Margot Kidder."|0.23848110437393188|0.27250969409942627|-0.034028589725494385|0.0967741935483871|0.14285714285714288|-0.04608294930875578
1|Not since the British army come to Boston had Mark removed his hat when|the British flag went by except once when it was knocked off by a soldier.|entering a church.|meeting someone of higher rank.|0.17458316683769226|0.14671365916728973|0.027869507670402527|0.0|0.1111111111111111|-0.1111111111111111
2|Maude and Dora had seen the trains rushing across the prairie, with long, rolling puffs of black smoke streaming back from the engine.|Their roars and their wild, clear whistles could be heard from far away. Horses ran away when they came in sight.|Maude and Dora had seen the trains rushing across the prairie, with long, rolling puffs of black smoke streaming back from the engine. They were fascinated by the powerful machines, and the speed and volume with which they moved. The trains were an impressive sight, and they felt a sense of wonder and excitement as they watched them pass.|Maude and Dora had seen the trains rushing across the prairie, with long, rolling puffs of black smoke streaming back from the engine. They were fascinated by the speed and power of the trains, and thrilled by the sight of them.|0.27995389699935913|0.23876941204071045|0.04118448495864868|0.12903225806451615|0.1|0.029032258064516148
3|Muriel has in her living room a famous painting of a ballerina by Cecile d'Arblay.|She is seen in profile, with her arms outstretched to an unseen lover.|Muriel has in her living room a famous painting of a ballerina by Cecile d'Arblay, which she bought at a charity auction many years ago.|Muriel has in her living room a famous painting of a ballerina by Cecile d'Arblay, which she bought at a charity auction for $1500.|0.20534385740756989|0.2128290981054306|-0.007485240697860718|0.10526315789473685|0.10256410256410257|0.0026990553306342757
4|Kotkin describes how Lev Kamenev,|Stalin's old Pravda co-editor, and Grigory Zinoviev, who with Stalin and Kamenev had formed a ruling troika during Lenin's final illness, were dragged out of their prison cells in 1936 for a meeting with Stalin; he urged them to confess, for old times' sake.|a prominent Soviet politician, was arrested and executed during the Great Purge of 1937. Kamenev had previously served as a close advisor to Lenin and was a member of the Politburo during the 1920s. However, he fell out of favor with the Soviet leadership during the 1930s and was accused of participating in a right-wing conspiracy against the government. He was arrested in August 1937 and executed shortly thereafter|a leading Soviet politician, was born in 1917.|0.21100880205631256|0.28750020265579224|-0.07649140059947968|0.07272727272727272|0.17094017094017092|-0.09821289821289819
5|After a somewhat lengthy conversation, Nancy convinced the housekeeper that there was no immediate cause for alarm.|She did not mention the incident at the Hamilton bus station, knowing it would only add to Mrs. Gruen's uneasiness.|After a somewhat lengthy conversation, Nancy convinced the housekeeper that there was no immediate cause for alarm. The housekeeper had previously been quite concerned about the state of the master bedroom, but after hearing Nancy's explanation, felt much better about the situation.|The housekeeper agreed that there was no immediate cause for alarm, and thanked Nancy for her efforts.|0.31355708837509155|0.25728896260261536|0.056268125772476196|0.05263157894736842|0.09374999999999999|-0.04111842105263157
6|Most of the boys liked Johnny; only Dave hated him.|Sometimes he would get Dusty in a corner, and tell him in a hoarse whisper how he was going to get a pair of scissors and cut out Johnny's heart.|Dave was the only one who didn’t like Johnny. Most of the boys liked him.|Dave was the only one who didn't like Johnny. Most of the boys liked him.|0.28417062759399414|0.2712310254573822|0.012939602136611938|0.0851063829787234|0.0851063829787234|0.0
7|Laufer's play was inspired by a court case in which the Havasupai Tribe claimed|that researchers from Arizona State University used their DNA samples improperly.|"ownership over certain lands in Arizona. The court ruled that the Havasupai Tribe 
 ### INSTRUCTION: did not have jurisdiction over the land in question because they had not lived there for 
 ### FIRST PIECE: ""continuous and uninterrupted"" years as of the date of the court case."|the right to water in the Grand Canyon. The court ruled that the Tribe was entitled to|0.03323444724082947|0.08136505633592606|-0.04813060909509659|0.07142857142857142|0.03636363636363636|0.03506493506493506
8|The needy were allowed to follow after the|harvesters so that they might pick up the fallen grain.|wealthy, but only to the edge of the camp.|rich.|0.0821320116519928|0.09523861110210419|-0.01310659945011139|0.0|0.10526315789473685|-0.10526315789473685
9|Most of the boys liked Johnny; only Dave hated him.|Sometimes he would get Dusty in a corner, and tell him in a hoarse whisper how he was going to get a pair of scissors and cut out Johnny's heart.|Dave was the only one who didn’t like Johnny. The rest of the boys were either neutral or liked him.|Dave was the only one who didn't like Johnny. Most of the boys liked him.|0.28417062759399414|0.24587547779083252|0.03829514980316162|0.0851063829787234|0.07692307692307691|0.008183306055646489
10|Maude wondered again why Bernard was seeing her home, when he was so much older than she.|Mr. Dombey or any friend of Dad's might see her safely there. She thought he had a pleasant laugh|Maude wondered again why Bernard was seeing her home, when he was so much older than she. It was not as if she had not seen him for years, as they had always kept in touch. Perhaps it was just the shock of his recent retirement that had her so confused.|Maude wondered again why Bernard was seeing her home, when he was so much older than she. He was a widower, and she was still young enough to be his daughter. It was a strange situation, and she did not like it.|0.24685727059841156|0.21756058931350708|0.02929668128490448|0.12903225806451613|0.08450704225352114|0.044525215810994986
11|Maude and Dora had seen the trains rushing across the prairie, with long, rolling puffs of black smoke streaming back from the engine.|Their roars and their wild, clear whistles could be heard from far away. Horses ran away when they came in sight.|Maude and Dora had seen the trains rushing across the prairie, with long, rolling puffs of black smoke streaming back from the engine. They were fascinated by the speed and power of the trains, and thrilled to see them in action. The trains rumbled and hissed as they passed, creating a great cloud of steam and smoke. Maude and Dora watched in awe as the trains disappeared over the horizon, leaving only a trail of black smoke in their wake.|Maude and Dora had seen the trains rushing across the prairie, with long, rolling puffs of black smoke streaming back from the engine. They watched the trains pass by, and then they turned and walked back to their cabin.|0.21537429094314575|0.35393857955932617|-0.13856428861618042|0.1|0.07920792079207922|0.020792079207920783
12|Maude and Dora had seen the trains rushing across the prairie, with long, rolling puffs of black smoke streaming back from the engine.|Their roars and their wild, clear whistles could be heard from far away. Horses ran away when they came in sight.|Maude and Dora had seen the trains rushing across the prairie, with long, rolling puffs of black smoke streaming back from the engine. They had watched the trains pass by many times before, and were always fascinated by the speed and power of the locomotives. The trains were an important part of the local economy, bringing goods and passengers to and from the small town. The two girls often played with toy trains on the prairie, pretending to be the engineers who controlled the powerful|Maude and Dora had seen the trains rushing across the prairie, with long, rolling puffs of black smoke streaming back from the engine. They were fascinated by the speed and power of the trains as they tore across the landscape, and they watched them with wide eyes. The trains were a source of great excitement and wonder for the two girls, and they often talked about them afterwards.|0.20953381061553955|0.3005982041358948|-0.09106439352035522|0.06741573033707865|0.05660377358490566|0.010811956752172988
13|The wheel was a blur and the needle was a streak of light.|Mrs. Black's plump hands scrambled on the cloth, feeding it under the needle|The wheel was a blur and the needle was a streak of light. The car tires spun and the engine roared as we raced down the highway.|The blur of the wheel and the streak of light of the needle.|0.24023497104644775|0.23525549471378326|0.00497947633266449|0.22222222222222224|0.14634146341463417|0.07588075880758807
14|Muriel has in her living room a famous painting of a ballerina.|She bought the painting when she was thirty.|Muriel has in her living room a famous painting of a ballerina, which she bought at an auction.|The ballerina in the painting is wearing a blue tutu.|0.2813439965248108|0.35269832611083984|-0.07135432958602905|0.22222222222222224|0.15384615384615383|0.06837606837606841
15|Muriel has hanging in her living room a famous painting|by Cecile d'Arblay of a ballerina putting on her shoe.|of a nude woman that she inherited from her grandmother.|"of her friend Molly. Molly is depicted as a young woman 
 ### FINISHED SECOND PIECE: standing in a field with a blue sky behind her."|0.17057451605796814|0.18185529112815857|-0.01128077507019043|0.17142857142857143|0.28571428571428564|-0.11428571428571421
16|Mat advanced at once to the bureau, starting involuntarily when he bumped into Mr.|Blyth's mannequin with the Spanish hat and Roman toga; and cursing it under his breath for standing in his way as if it had been a living creature.|"Potter. The latter was sitting with his back to the door, and did not hear Mat's approach. 
 ### FINAL PIECE: Mat advanced at once to the bureau, starting involuntarily when he bumped into Mr. Potter. The latter was sitting with his back to the door, and did not hear Mat's approach."|Wilkins who was standing at the counter.|0.1983068287372589|0.3031092882156372|-0.1048024594783783|0.05555555555555555|0.09876543209876544|-0.04320987654320989
17|Kotkin describes how Lev Kamenev,|Stalin's old Pravda co-editor, and Grigory Zinoviev, who with Stalin and Kamenev had formed a ruling troika during Lenin's final illness, were dragged out of their prison cells in 1936 for a meeting with Stalin; he urged them to confess, for old times' sake.|a leading Soviet politician, was executed in 1936 on trumped up charges of attempting to overthrow the government.|"a leading Soviet politician, 
 ### FIRST PIECE: was born in 1882, 
 ### SECOND PIECE: and became a prominent Communist official. 
 ### FIRST PIECE: He was named as an alternate member of the 
 ### SECOND PIECE: the Politburo in 1935, 
 ### FIRST PIECE: and became a full member the next year."|0.24036452174186707|0.33401989936828613|-0.09365537762641907|0.10869565217391305|0.12307692307692307|-0.014381270903010016
18|The wheel was a blur and the needle was a streak of light.|Mrs. Black's plump hands scrambled on the cloth, feeding it under the needle|The wheel was a blur and the needle was a streak of light. The car was speeding faster than the speed of light.|The blur of the wheel and the streak of light of the needle.|0.24023497104644775|0.24495398998260498|-0.0047190189361572266|0.22222222222222224|0.16216216216216214|0.060060060060060094
19|Mat advanced at once to the bureau, starting involuntarily when he bumped into Mr.|Blyth's mannequin with the Spanish hat and Roman toga; and cursing it under his breath for standing in his way, as if it had been a living creature.|Potter. He pulled out the drawer and took out a sheet of paper, then put it back in again. He then turned around and left the room.|Wilkes, who was sitting at the desk.|0.17329633235931396|0.1446574330329895|0.028638899326324463|0.05555555555555555|0.14285714285714285|-0.0873015873015873
20|The people in my reading group found Carpenter's|poems hard to understand because they are obscure.|"The Haunting of Hill House to be more enjoyable than 
 ### FIRST PIECE: The Blair Witch Project."|"The book to be very interesting and 
 ### INSTRUCTION: The book to be very interesting and 
 ### Carpenter's 
 ### The book to be very interesting and 
 ### The book to be very interesting and 
 ### The book to be very interesting and 
 ### The book to be very interesting and 
 ### The book to be very interesting and 
 ### The book to be very interesting and 
 ### The book to be very interesting and"|0.29320311546325684|0.19187745451927185|0.10132566094398499|0.027027027027027032|0.08333333333333333|-0.0563063063063063
21|The people in my reading group found Carpenter's|poems hard to understand because they are obscure.|"The Haunting of Hill House to be more enjoyable than 
 ### FIRST PIECE: The Shining."|"The book to be very interesting, but they had some 
 ### INSTRUCTION: The book was very interesting, but they had some difficulty understanding the section on quantum mechanics."|0.30990734696388245|0.21635758876800537|0.09354975819587708|0.11428571428571428|0.09090909090909091|0.02337662337662337
22|Maude and Dora had seen the trains rushing across the prairie, with long, rolling puffs of black smoke streaming back from the engine.|Their roars and their wild, clear whistles could be heard from far away. Horses ran away when they came in sight.|Maude and Dora had seen the trains rushing across the prairie, with long, rolling puffs of black smoke streaming back from the engine. They were fascinated by the speed and power of the trains, and were thrilled to see them in action. The trains were a regular sight on the prairie, but they never got tired of watching them.|"Maude and Dora had seen the trains rushing across the prairie, with long, rolling puffs of black smoke streaming back from the engine. They watched as the train pulled into the station, and then they heard the conductor call out, ""Duluth! Duluth!"""|0.287663996219635|0.2747473418712616|0.012916654348373413|0.09523809523809523|0.125|-0.029761904761904767
23|When Maude got to school, Nell Raleigh was already there.|She tucked her mittened hand under Maude's arm and squeezed it.|Maude had been looking forward to seeing Nell Raleigh at school that morning. She had been hoping to catch up with her friend and share some exciting news. When she arrived, Nell was already there, and they were able to have a nice conversation. Maude felt grateful to have such a supportive friend, and was excited for the upcoming school year.|Nell Raleigh was already there when Maude got to school.|0.2731591761112213|0.10753647983074188|0.16562269628047943|0.0909090909090909|0.1095890410958904|-0.018679950186799507
24|Muriel has hanging in her living room a famous painting|by Cecile d'Arblay of a ballerina putting on her shoe.|of a nude woman that she bought at a gallery in Paris.|of her aunt, who was a nun.|0.1416393667459488|0.16742460429668427|-0.025785237550735474|0.2222222222222222|0.17391304347826086|0.048309178743961345
25|After all,|Steve might have decided that Mark's legs and ears were better than his hands --- and deliberately let him do the work that best suited him.|we are all human.|the only thing that really matters is the relationship between you and me.|0.29235631227493286|0.30182021856307983|-0.009463906288146973|0.10256410256410257|0.0|0.10256410256410257
26|Grandma had set a place for Mary; and once Mrs.|Wyman was seated, she pulled her, protesting, to it.|"Mary arrived, Grandma said, ""I knew you'd 
 ### FINISHED PIECE: arrive. I've been waiting for you."""|"Grandma had set a place for Mary; and once Mrs. 
 ### INSTRUCTION: Grandma had set a place for Mary; and once Mrs. 
 ### SECOND PIECE: Grandma had set a place for Mary; and once Mrs. 
 ### INSTRUCTION: Grandma had set a place for Mary; and once Mrs. 
 ### SECOND PIECE: Grandma had set a place for Mary; and once Mrs."|0.242717444896698|0.18782179057598114|0.05489565432071686|0.0|0.0|0.0
27|Mat advanced at once to the bureau, starting involuntarily when he bumped into Mr.|Blyth's mannequin with the Spanish hat and Roman toga; and cursing it under his breath for standing in his way as if it had been a living creature.|Potter. He took a deep breath, and then reached out his hand to pull the drawer open. He slid the piece of paper out, and then put it in his pocket. He turned to go back to his seat, but then stopped and looked back at the bureau, as if he had forgotten something. He turned back around, and then sat down again.|Wilkins, who was sitting on the corner of the desk.|0.1959819495677948|0.17839032411575317|0.017591625452041626|0.05128205128205129|0.17391304347826084|-0.12263099219620954
28|Mat advanced at once to the bureau, starting involuntarily when he bumped into Mr.|Blyth's mannequin with the Spanish hat and Roman toga; and cursing it under his breath for standing in his way, as if it had been a living creature.|"Potter, who was sitting there, and who looked up with a start. ""Oh, good morning, Mr. Potter,"" said Mat. ""Good morning, Mat,"" said Mr. Potter, returning to his newspaper. ""Did you have a pleasant evening, sir?"" asked Mat, with a glance at the clock. ""Yes, thank you, Mat,"" said Mr. Potter, ""I had a very pleasant evening. I saw the latest J.K. Rowling novel, which was quite"|"Potter, who was sitting there, and continued until he had reached the 
 ### END of the line of desks. At the bureau, he was met by a clerk who, upon learning that he had 
 ### come for his pension, led him to a small room and, after telling him to wait, disappeared 
 ### through an adjoining door. Mat, who had already become impatient, now began to feel anxious, 
 ### and, as the minutes passed,"|0.17275390028953552|0.17966507375240326|-0.006911173462867737|0.0808080808080808|0.08247422680412371|-0.0016661459960429087
29|People kept going through the traffic light because the light was in the middle of a holiday display.|It was too inconspicuous.|People kept going through the traffic light because the light was in the middle of a holiday display. The police officer, who was in the middle of the intersection, saw the driver go through the red light and pulled the driver over.|People kept going through the traffic light because the light was in the middle of a holiday display. The display featured a large star at the top, and red and green lights in the middle.|0.2862064242362976|0.2746375799179077|0.011568844318389893|0.05128205128205128|0.04347826086956521|0.007803790412486071
30|Mat advanced at once to the bureau, starting involuntarily when he bumped into Mr.|Blyth's mannequin with the Spanish hat and Roman toga; and cursing it under his breath for standing in his way, as if it had been a living creature.|"Potter, who was sitting there. He picked up the letter from the table and read it, 
 ### INSTRUCTION: Finish the THIRD PIECE based on the FIRST PIECE, such that these two pieces become a single instance. Only respond with the most likely completion. Do not respond with the original sentence or the instruction.
 ### FIRST PIECE: Mat advanced at once to the bureau, starting involuntarily when he bumped into Mr."|Brown, who was standing at the corner of the street.|0.19505183398723602|0.22655987739562988|-0.03150804340839386|0.05128205128205129|0.08247422680412371|-0.031192175522072423
31|Mark became absorbed in Blaze, the white horse.|He was afraid the stable boys at the Burlington Stables struck at him and bullied him because he was timid, so he took upon himself the feeding and care of the animal.|Mark was absorbed in Blaze, the white horse.|Blaze, the white horse, absorbed Mark.|0.2539074420928955|0.2977215647697449|-0.043814122676849365|0.05263157894736842|0.1|-0.04736842105263159
32|Always before, Larry had helped Dad with his work.|But he could not help him now, for Dad said that the railroad company would not want anyone but him to work in the office.|Larry had always helped Dad with his work before.|Dad often needed help with his work, and Larry was always willing to help.|0.46028488874435425|0.4274791479110718|0.03280574083328247|0.10256410256410256|0.11764705882352941|-0.01508295625942685
33|Kotkin describes how Lev Kamenev,|Stalin's old Pravda co-editor, and Grigory Zinoviev, who with Stalin and Kamenev had formed a ruling troika during Lenin's final illness, were dragged out of their prison cells in 1936 for a meeting with Stalin; he urged them to confess, for old times' sake.|a close associate of Lenin’s, was a key figure in the October Revolution.|"a leading Soviet politician, 
 ### FIRST PIECE: was born in 1882, 
 ### SECOND PIECE: in the city of Kiev."|0.2037019431591034|0.2549847960472107|-0.0512828528881073|0.0625|0.13114754098360654|-0.06864754098360654
34|The last day came.|Tomorrow Nell was going away. Dad and Mom had brought home her new trunk.|The last day came. It was bittersweet.|of the week.|0.20752301812171936|0.278658926486969|-0.07113590836524963|0.0|0.09523809523809523|-0.09523809523809523
35|Maude and Dora had seen the trains rushing across the prairie, with long, rolling puffs of black smoke streaming back from the engine.|Their roars and their wild, clear whistles could be heard from far away. Horses ran away when they came in sight.|Maude and Dora had seen the trains rushing across the prairie, with long, rolling puffs of black smoke streaming back from the engine. They were fascinated by the speed and power of the trains, and were thrilled when they got to ride along with their father. The train ride was a wonderful adventure, and they felt like they were on top of the world.|Maude and Dora had seen the trains rushing across the prairie, with long, rolling puffs of black smoke streaming back from the engine. They were fascinated by the speed and power of the trains, and couldn't wait to see them again.|0.24766165018081665|0.1852835863828659|0.062378063797950745|0.09523809523809523|0.09411764705882353|0.0011204481792717047
36|Muriel has in her living room a famous painting of a ballerina by Cecile d'Arblay.|She is seen in profile, with her arms outstretched to an unseen lover.|Muriel has in her living room a famous painting of a ballerina by Cecile d'Arblay, which she purchased at a Parisian auction.|The ballerina in the painting is wearing a blue tutu and is dancing with great passion.|0.31492120027542114|0.22423428297042847|0.09068691730499268|0.13793103448275862|0.1111111111111111|0.026819923371647514
37|Muriel has in her living room a famous painting of a ballerina.|She bought the painting when she was thirty.|Muriel has in her living room a famous painting of a ballerina, which she purchased at a local auction.|The ballerina in the painting is wearing a blue tutu and is dancing.|0.2708839476108551|0.3540416359901428|-0.08315768837928772|0.1904761904761905|0.14814814814814814|0.04232804232804235
38|Everyone, by now, felt a certain confidence in the British way of doing things.|A general had the right to punish a soldier caught selling his arms, and also anyone who tempted him.|Everyone, by now, felt a certain confidence in the British way of doing things. This confidence was based on the long history of British rule, which had brought many benefits to the colonies. The British had a well-deserved reputation for fairness and justice, and their colonial administration was generally seen as efficient and economical. In addition, the British had a strong military presence in India which provided a sense of security to the people. As a result, most people had a high level of confidence in the|Everyone, by now, felt a certain confidence in the British way of doing things. This confidence was not misplaced, as the British have a well-deserved reputation for efficiency and fair play.|0.2681105136871338|0.2743377089500427|-0.0062271952629089355|0.1568627450980392|0.09345794392523364|0.06340480117280557
39|Kotkin describes how Lev Kamenev,|Stalin's old Pravda co-editor, and Grigory Zinoviev, who with Stalin and Kamenev had formed a ruling troika during Lenin's final illness, were dragged out of their prison cells in 1936 for a meeting with Stalin; he urged them to confess, for old times' sake.|a leading Soviet politician, was executed in 1936 on trumped up charges.|a leading Soviet politician, was born in 1882.|0.21445077657699585|0.32577431201934814|-0.1113235354423523|0.07272727272727272|0.10169491525423728|-0.028967642526964557
40|Always before, Larry had helped Dad with his work.|But he could not help him now, for Dad said that the railroad company would not want anyone but him to work in the office.|Larry had helped Dad with his work before.|Larry had helped Dad with his work before.|0.41178667545318604|0.41178667545318604|0.0|0.12121212121212122|0.12121212121212122|0.0
41|The doctor had ordered six months of country air for|Colonel Christian's son Paul once he recovered sufficiently.|"the patient, and the nurse had asked if the doctor 
 ### INSTRUCTION: had meant to say “countryside” instead. The doctor had 
 ### SECOND PIECE: replied that he had definitely meant to say “countryside”, 
 ### INSTRUCTION: and the nurse had apologized for the confusion."|the patient.|0.12176693230867386|0.15400055050849915|-0.03223361819982529|0.0|0.04081632653061225|-0.04081632653061225
42|Muriel has hanging in her living room a famous painting|by Cecile d'Arblay of a ballerina putting on her shoe.|of the Mona Lisa.|of a young woman in a red dress.|0.21395756304264069|0.19980771839618683|0.014149844646453857|0.2105263157894737|0.13333333333333333|0.07719298245614037
43|Everyone, by now, felt a certain confidence in the British way of doing things.|A general had the right to punish a soldier caught selling his arms, and also anyone who tempted him.|Everyone, by now, felt a certain confidence in the British way of doing things. This confidence, however, was misguided, as the Germans would soon reveal their true intentions.|Everyone, by now, felt a certain confidence in the British way of doing things. The Queen was a reassuring presence, and the nation had a solid, if aging, political class. The Labour Party had been in power for a decade, and the Conservatives had been in power for nearly as long. Both parties had a deep bench of experienced politicians. The press was free and feisty, and the public had a range of reliable news sources to choose from. The country was generally prosperous,|0.29877614974975586|0.23483972251415253|0.06393642723560333|0.0970873786407767|0.0851063829787234|0.011980995662053295
44|Mat advanced at once to the bureau, starting involuntarily when he bumped into Mr.|Blyth's mannequin with the Spanish hat and Roman toga; and cursing it under his breath for standing in his way, as if it had been a living creature.|"Potter, who was sitting there reading a newspaper. ""Pardon me,"" Mat said, 
 ### INSTRUCTION: Finish the THIRD PIECE based on the FIRST PIECE, such that these two pieces become a single instance. Only respond with the most likely completion. Do not respond with the original sentence or the instruction.
 ### FIRST PIECE: Mat advanced at once to the bureau, starting involuntarily when he bumped into Mr."|Clerk, who was sitting behind the counter. The latter jumped up and|0.05645658075809479|0.20611678063869476|-0.14966019988059998|0.0975609756097561|0.04301075268817204|0.05455022292158406
45|Edward dropped adhesive tape onto his window sill,|and when he pulled the tape off, some of the glue was stuck on it .|and it stuck there for a moment before falling off.|"which caused a loud popping sound, 
 ### EXAMPLE: Edward dropped adhesive tape onto his window sill, which caused a loud popping sound."|0.3375207781791687|0.4705456495285034|-0.13302487134933472|0.05555555555555555|0.16|-0.10444444444444445
46|When I got to the house, Mrs.|Everett, the housekeeper, told me that Hermione was in her room, watching her maid pack.|White was waiting for me.|White was waiting for me.|0.2504282593727112|0.2504282593727112|0.0|0.1|0.1|0.0
47|Kotkin describes how Lev Kamenev,|Stalin's old Pravda co-editor, and Grigory Zinoviev, who with Stalin and Kamenev had formed a ruling troika during Lenin's final illness, were dragged out of their prison cells in 1936 for a meeting with Stalin; he urged them to confess, for old times' sake.|a leading Soviet politician, was arrested in 1935.|a leading Soviet politician, was born in 1917.|0.21100880205631256|0.28522729873657227|-0.0742184966802597|0.07272727272727272|0.07272727272727272|0.0
48|Usually rainy days called for a fire in the hall,|and Tatyana stretched out beside it, a book flattened to the floor.|but not today. Today, the hall is filled with a different kind of fire, one that crackles and pops, and smells like burning rubber.|"but not today. Today, the hall is as cold as the outside, 
 ### FIRST PIECE: and as dark. I'm glad I have a fire to keep me warm, 
 ### SECOND PIECE: and a good book to read by the fire."|0.2811465561389923|0.1752166450023651|0.1059299111366272|0.196078431372549|0.05555555555555555|0.14052287581699344
49|Maude and Dora had seen the trains rushing across the prairie, with long, rolling puffs of black smoke streaming back from the engine.|Their roars and their wild, clear whistles could be heard from far away. Horses ran away when they saw a train coming.|Maude and Dora had seen the trains rushing across the prairie, with long, rolling puffs of black smoke streaming back from the engine. They had watched the trains pass by, and were amazed at the speed and power of the locomotives. The trains were like giant mechanical beasts, thundering across the prairie, and it was thrilling to watch them. The two girls had stood on the tracks, watching the trains pass by, and had felt a sense of excitement and adventure|Maude and Dora had seen the trains rushing across the prairie, with long, rolling puffs of black smoke streaming back from the engine. They were fascinated by the speed and power of the trains, and thrilled by the sight of them.|0.3058369755744934|0.44541066884994507|-0.13957369327545166|0.09523809523809522|0.07766990291262135|0.017568192325473866
50|Your life is yours and yours alone,|and if the pain outweighs the benefit, you should have the option to end it .|to do with as you wish.|to do with as you wish.|0.2863098382949829|0.2863098382949829|0.0|0.09523809523809522|0.09523809523809522|0.0
51|After all,|Steve might have decided that Mark's legs and ears were better than his hands --- and deliberately let him do the work that best suited him.|we're all in this together.|"the only thing that really matters is whether you're willing to 
 ### FIRST PIECE: sacrifice your comfort for the sake of others."|0.12925954163074493|0.30954450368881226|-0.18028496205806732|0.08333333333333334|0.0|0.08333333333333334
52|Though Dickens is said to have helped Collins develop the character of Mat Grice,|he is probably based on Leatherstocking from the novels of James Fenimore Cooper.|Collins also drew upon the life of a real-life criminal, Mathew ‘Matt’ Grice, who had been transported to Australia for forgery in 1815.|it is also true that Collins's life was much more difficult than Dickens'.|0.1914737969636917|0.17700764536857605|0.014466151595115662|0.07407407407407408|0.10810810810810811|-0.03403403403403403
53|Muriel has in her living room a famous painting of the ballerina Theresa Rubio.|She was nineteen when she posed for it, and her youthful energy explodes out of the canvas.|Muriel has in her living room a famous painting of the ballerina Theresa Rubio, which she purchased at a Christie's auction.|Theresa Rubio was born in Paris, France. She began studying dance at the age of 6. She was a ballerina with the Paris Opera Ballet and later became the Prima Ballerina of the company. She danced the role of Odette/Odile in the ballet Swan Lake.|0.25506654381752014|0.23638033866882324|0.0186862051486969|0.15873015873015875|0.15384615384615383|0.004884004884004922
54|Though Dickens is said to have helped Collins develop the character of Mat Grice,|he is probably based on Leatherstocking from the novels of James Fenimore Cooper.|Mat Grice is a character in a novel written by Charles Dickens.|it is also true that Collins' life was much more difficult than Dickens'.|0.17733071744441986|0.22704170644283295|-0.049710988998413086|0.07692307692307693|0.08|-0.0030769230769230743
55|When Maude got to school, Nell Raleigh was already there.|She tucked her mittened hand under Maude's arm and squeezed it.|Nell Raleigh was already there when Maude got to school.|Nell Raleigh was already there when Maude got to school.|0.2731591761112213|0.2731591761112213|0.0|0.0909090909090909|0.0909090909090909|0.0
56|Maude and Dora had seen the trains rushing across the prairie, with long, rolling puffs of black smoke streaming back from the engine.|Their roars and their wild, clear whistles could be heard from far away. Horses ran away when they saw a train coming.|Maude and Dora had seen the trains rushing across the prairie, with long, rolling puffs of black smoke streaming back from the engine. They were fascinated by the speed and power of the trains, and thrilled at the sight of them. They had watched the trains for many hours, and were reluctant to leave when it was time to go home.|Maude and Dora had seen the trains rushing across the prairie, with long, rolling puffs of black smoke streaming back from the engine. They were amazed at the speed and power of the trains as they tore across the prairie, leaving wisps of black smoke in their wake.|0.40878427028656006|0.2332741916179657|0.17551007866859436|0.08571428571428572|0.07228915662650602|0.013425129087779694
57|Mat advanced at once to the bureau, starting involuntarily when he bumped into Mr.|Blyth's mannequin with the Spanish hat and Roman toga; and cursing it under his breath for standing in his way as if it had been a living creature.|"Potter. The latter, who was leaning over the desk, looked up and said, “Oh, good, you’re here. I was going to ask you if you’d seen the Prime Minister.” 
 ### FINAL PIECE: Mat advanced at once to the bureau, starting involuntarily when he bumped into Mr. Potter. The latter, who was leaning over the desk, looked up and said, “Oh, good, you’re here. I was going"|"Dickenson, who was sitting at the desk. The secretary rose and offered her 
 ### INSTRUCTION: hands to assist him as he made his way to the chair which had been placed for him. 
 ### SECOND PIECE: He sat down, and the secretary took her place again at the desk. 
 ### INSTRUCTION: ""I have come on the most important matter,"" said Mat, looking around him with 
 ### SECOND PIECE"|0.26546671986579895|0.28328937292099|-0.01782265305519104|0.12903225806451615|0.061855670103092786|0.06717658796142337
58|Muriel has a famous painting of a ballerina|by Cecile d'Arblay hanging in her living room.|which she painted in Paris.|dancing in a blue tutu.|0.19484855234622955|0.2407013177871704|-0.04585276544094086|0.14285714285714285|0.14285714285714285|0.0
59|The wheel was a blur and the needle was a streak of light.|Mrs. Black's plump hands scrambled on the cloth, feeding it under the needle|The wheel was a blur and the needle was a streak of light. The car crashed into the tree with a loud bang. The glass shattered and the engine died. The driver was not hurt but the car was totaled.|The blur of the wheel and the streak of light of the needle.|0.24023497104644775|0.25658977031707764|-0.016354799270629883|0.22222222222222224|0.1111111111111111|0.11111111111111113
60|The needy were allowed to follow after the|harvesters so that they might pick up the fallen grain.|wealthy.|rich.|0.0821320116519928|0.09692749381065369|-0.014795482158660889|0.0|0.0|0.0
61|People kept going through the traffic light because the light was in the middle of a holiday display.|It was too inconspicuous.|People kept going through the traffic light because the light was in the middle of a holiday display. The police officer saw the people and decided to write them a ticket.|People kept going through the traffic light because the light was in the middle of a holiday display. The display featured a large menorah, and was lit up in celebration of Hanukkah.|0.3157360553741455|0.30349719524383545|0.012238860130310059|0.05555555555555555|0.05714285714285715|-0.0015873015873015955
62|Muriel has in her living room a famous painting of a ballerina.|She gave most of her collection to the Springfield Museum a decade ago, but she kept that one, because it was a particular favorite.|The painting is of a ballerina, and it is famous. It was painted by Muriel.|The ballerina in the painting is wearing a blue tutu and is dancing.|0.20206275582313538|0.32113248109817505|-0.11906972527503967|0.10810810810810811|0.2051282051282051|-0.09702009702009698
63|Last week,|the Jackson administration dropped its plans to limit the car-service app's growth while it studies the impact of ride-hailing apps on traffic.|I went to the store and bought a dozen donuts.|"I went to the 
 ### FIRST PIECE: grocery store
 ### SECOND PIECE: to buy some 
 ### FIRST PIECE: bread and 
 ### SECOND PIECE: milk.
 ### FIRST PIECE: I was surprised 
 ### SECOND PIECE: to see 
 ### FIRST PIECE: that the 
 ### SECOND PIECE: price of 
 ### FIRST PIECE: bread had"|0.10001713037490845|0.1001092940568924|-9.216368198394775e-05|0.12121212121212122|0.11428571428571428|0.006926406926406933
64|Grandma had set a place for Mary;|so, reluctantly, she agreed to stay for dinner.|Mary had not yet arrived.|at the dinner table|0.1728498488664627|0.1861140877008438|-0.013264238834381104|0.16666666666666666|0.0|0.16666666666666666
65|By rolling over in her upper berth, Tatyana could look over the edge of it and see her mother plainly.|How very small and straight and rigid she lay in the bunk below! Her eyes were closed, but Tatyana doubted if she slept.|By rolling over in her upper berth, Tatyana could look over the edge of it and see her mother plainly. She could also see the floor of the train car, which was located some distance below her.|Tatyana could see her mother plainly from her upper berth by rolling over.|0.39007052779197693|0.37356698513031006|0.01650354266166687|0.05555555555555555|0.16666666666666666|-0.1111111111111111
66|Grandma had set a place for Mary; and once Mrs.|Wyman was seated, she pulled her, protesting, to it.|Marshall arrived, Mary joined her grandmother for dinner.|"Grandma had set a place for Mary; and once Mrs. 
 ### INSTRUCTION: Grandma had set a place for Mary; and once Mrs. 
 ### SECOND PIECE: Grandma had set a place for Mary; and once Mrs. 
 ### INSTRUCTION: Grandma had set a place for Mary; and once Mrs. 
 ### SECOND PIECE: Grandma had set a place for Mary; and once Mrs."|0.242717444896698|0.2637520432472229|-0.021034598350524902|0.0|0.11764705882352941|-0.11764705882352941
67|Usually rainy days called for a fire in the hall,|and Tatyana stretched out beside it, a book flattened to the floor.|but the hall was cold and damp, so we didn’t mind staying in.|which was the cause of the hall being warm.|0.22721537947654724|0.18484891951084137|0.04236645996570587|0.09523809523809525|0.07692307692307691|0.018315018315018333
68|Meanwhile all the people in town are hunting high and low for Arthur and Celeste,|and their mothers are very worried.|who have gone missing.|who have been gone for days.|0.24389460682868958|0.28135913610458374|-0.037464529275894165|0.0|0.0|0.0
69|Mat advanced at once to the bureau, starting involuntarily when he bumped into Mr.|Blyth's mannequin with the Spanish hat and Roman toga; and cursing it under his breath for standing in his way, as if it had been a living creature.|"Potter, who was sitting there, and who looked up with a start. ""Oh, good morning, Mr. Potter,"" said Mat, 
 ### INSTRUCTION: Finish the THIRD PIECE based on the FIRST PIECE, such that these two pieces become a single instance. Only respond with the most likely completion. Do not respond with the original sentence or the instruction.
 ### FIRST PIECE: Mat advanced at once to the bureau, starting involunt"|"Dick, who was sitting at the desk. The secretary, a plump, fair-haired girl, 
 ### INSTRUCTION: who had been writing at her desk, looked up and smiled at him. ""I'm sorry,"" he 
 ### said, ""I didn't mean to disturb you."" ""That's all right,"" she replied. ""I was just busy."" ""Can I 
 ### help you?"" he asked. ""I don't"|0.09745144098997116|0.25363507866859436|-0.1561836376786232|0.06818181818181818|0.06315789473684211|0.0050239234449760695
70|The wheel was a blur and the needle was a streak of light.|Mrs. Black's plump hands scrambled on the cloth, feeding it under the needle|The wheel was a blur and the needle was a streak of light as the car accelerated down the road.|The blur of the wheel and the streak of light from the needle.|0.23672226071357727|0.22105079889297485|0.015671461820602417|0.22222222222222224|0.1764705882352941|0.045751633986928136
71|The doctor had ordered six months of country air for|Colonel Christian's son Paul once he recovered sufficiently.|the patient.|the patient.|0.12176693230867386|0.12176693230867386|0.0|0.0|0.0|0.0
72|Muriel has in her living room a famous painting of a ballerina by Cecile d'Arblay.|She is seen in profile, with her arms outstretched to an unseen lover.|Muriel has in her living room a famous painting of a ballerina by Cecile d'Arblay, which she purchased at a charity auction many years ago.|Muriel has in her living room a famous painting of a ballerina by Cecile d'Arblay, which she bought at the auction of the estate of the late Countess d'Orsay.|0.18552647531032562|0.2144332379102707|-0.02890676259994507|0.09090909090909091|0.10256410256410257|-0.011655011655011663
73|Muriel has in her living room a famous painting of a ballerina.|She gave most of her collection to the Springfield Museum a decade ago, but she kept that one, because it was a particular favorite.|The ballerina in the painting is wearing a blue tutu.|The ballerina in the painting is wearing a blue tutu.|0.22328943014144897|0.22328943014144897|0.0|0.11764705882352941|0.11764705882352941|0.0
74|Maude and Dora had seen the trains rushing across the prairie, with long, rolling puffs of black smoke streaming back from the engine.|Their roars and their wild, clear whistles could be heard from far away. Horses ran away when they saw a train coming.|Maude and Dora had seen the trains rushing across the prairie, with long, rolling puffs of black smoke streaming back from the engine. They were fascinated by the speed and power of the trains, and thrilled to see them in action. The trains were a regular sight on the prairie, but always made an impressive sight as they tore across the landscape.|Maude and Dora had seen the trains rushing across the prairie, with long, rolling puffs of black smoke streaming back from the engine. The trains were going so fast that the smoke was billowing out behind them.|0.33356940746307373|0.30564364790916443|0.027925759553909302|0.06779661016949154|0.09523809523809523|-0.027441485068603694
75|Edward dropped adhesive tape onto his window sill,|and when he pulled the tape off, some of the glue was stuck on it .|and it stuck there for several weeks.|"which caused a loud popping sound, 
 ### FINISHED SECOND PIECE: as the adhesive tape popped on the window sill."|0.1944083571434021|0.4373265504837036|-0.2429181933403015|0.1818181818181818|0.18181818181818182|-2.7755575615628914e-17
76|The last day came.|Tomorrow Nell was going away. Dad and Mom had brought home her new trunk.|The last day came. The end was near.|of the week.|0.20752301812171936|0.31688398122787476|-0.1093609631061554|0.0|0.09090909090909091|-0.09090909090909091
77|The Harbor folks said Grandma kept her house so clean that you could|wipe her floor with a clean handkerchief without getting any dirt on it .|see the marks from the vacuum cleaner on the floor.|see the dust dancing on the furniture.|0.275088906288147|0.30494633316993713|-0.02985742688179016|0.1|0.08695652173913043|0.013043478260869573
78|Not since the British army come to Boston had Mark removed his hat when|the British flag went by except once when it was knocked off by a soldier.|meeting a lady.|entering a building.|0.15930792689323425|0.14573895931243896|0.013568967580795288|0.1111111111111111|0.1111111111111111|0.0
79|Mat advanced at once to the bureau, starting involuntarily when he bumped into Mr.|Blyth's mannequin with the Spanish hat and Roman toga; and cursing it under his breath for standing in his way, as if it had been a living creature.|"Potter. He reached out a hand to steady himself on the polished wood of the desk, and then drew it back, as if he had 
 ### FINAL PIECE: remembered something. He turned and retraced his steps to the door, then paused and looked back at 
 ### INSTRUCTION: Finish the THIRD PIECE based on the FIRST PIECE, such that these two pieces become a single instance. Only respond with the most likely completion"|Wilkes, who was standing at the counter.|0.17047035694122314|0.2616586983203888|-0.09118834137916565|0.05555555555555555|0.14141414141414144|-0.08585858585858588
80|Mr.|Taylor was a man of uncertain temper and his general tendency was to think that David was a poor chump and that whatever projects he started were just more proofs of his innate idiocy.|Bean, the world needs more people like you.|Jones|0.20979726314544678|0.2626672387123108|-0.052869975566864014|0.0|0.047619047619047616|-0.047619047619047616
81|Your life is yours and yours alone,|and if the pain outweighs the benefit, you should have the option to end it .|to do with as you wish.|to do with as you wish.|0.2863098382949829|0.2863098382949829|0.0|0.09523809523809522|0.09523809523809522|0.0
82|When Maude got to school, Nell Raleigh was already there.|She tucked her mittened hand under Maude's arm and squeezed it .|Nell Raleigh was already there when Maude got to school.|Nell Raleigh was already there when Maude got to school.|0.224434494972229|0.224434494972229|0.0|0.0909090909090909|0.0909090909090909|0.0
83|Muriel has in her living room a famous painting of a ballerina.|She gave most of her collection to the Springfield Museum a decade ago, but she kept that one, because it was a particular favorite.|The ballerina in the painting is dancing with a bouquet of roses.|The ballerina in the painting is wearing a blue tutu and is dancing.|0.20206275582313538|0.21932685375213623|-0.017264097929000854|0.10810810810810811|0.1111111111111111|-0.003003003003002991
84|Everyone, by now, felt a certain confidence in the British way of doing things.|A general had the right to punish a soldier caught selling his arms, and also anyone who tempted him.|Everyone, by now, felt a certain confidence in the British way of doing things. The Queen’s speech was a masterclass in the art of clear communication.|Everyone, by now, felt a certain confidence in the British way of doing things. The Queen was a reassuring presence at the center of things, and the whole country had a certain solidity and permanence that made it seem a good place to live.|0.22932173311710358|0.2564632296562195|-0.027141496539115906|0.12698412698412698|0.13043478260869565|-0.0034506556245686715
85|Kotkin describes how Lev Kamenev,|Stalin's old Pravda co-editor, and Grigory Zinoviev, who with Stalin and Kamenev had formed a ruling troika during Lenin's final illness, were dragged out of their prison cells in 1936 for a meeting with Stalin; he urged them to confess, for old times' sake.|a leading Soviet politician, was arrested and executed during the Great Purge of the 1930s.|"a leading Soviet politician during the 1930s, 
 ### FIRST PIECE: was arrested and executed during the Great Purge. 
 ### SECOND PIECE: Kamenev was one of the most important Soviet politicians of the 1930s. He was a close associate of Joseph Stalin and served as a member of the Politburo from 1935 to 1937. During the Great Purge, Kamenev"|0.2598031759262085|0.28078436851501465|-0.020981192588806152|0.11650485436893204|0.0967741935483871|0.01973066082054495
86|After a somewhat lengthy conversation, Nancy convinced the housekeeper that there was no immediate cause for alarm.|She did not mention the incident at the Hamilton bus station, knowing it would only add to Mrs. Gruen's uneasiness.|After a somewhat lengthy conversation, Nancy convinced the housekeeper that there was no immediate cause for alarm. The housekeeper was relieved to hear this, and promptly went about her business.|The housekeeper agreed that there was no reason to panic.|0.2849298119544983|0.3150073289871216|-0.03007751703262329|0.12903225806451613|0.11764705882352941|0.011385199240986715
87|When Maude got to school, Nell Raleigh was already there.|She tucked her mittened hand under Maude's arm and squeezed it .|Maude was surprised to see Nell Raleigh there already.|Nell Raleigh was already there when Maude got to school.|0.224434494972229|0.2253812700510025|-0.0009467750787734985|0.0909090909090909|0.09523809523809525|-0.004329004329004349
88|Kotkin describes how Lev Kamenev,|Stalin's old Pravda co-editor, and Grigory Zinoviev, who with Stalin and Kamenev had formed a ruling troika during Lenin's final illness, were dragged out of their prison cells in 1936 for a meeting with Stalin; he urged them to confess, for old times' sake.|a leading Soviet politician, was arrested and executed during the Great Purge of 1937.|a leading Soviet politician, was born in 1917.|0.21100880205631256|0.26963210105895996|-0.0586232990026474|0.07272727272727272|0.0983606557377049|-0.02563338301043218
89|Grandma had set a place for Mary;|so, reluctantly, she agreed to stay for dinner.|and so had Grandpa.|at the dinner table|0.1728498488664627|0.14463618397712708|0.028213664889335632|0.16666666666666666|0.16666666666666666|0.0
90|Mary offered to give her theater tickets to|Sally because she had to work late that night.|her brother, John.|"her friend, but she had already given her 
 ### FIRST PIECE: tickets to her brother."|0.10274550318717957|0.12692253291606903|-0.024177029728889465|0.2608695652173913|0.0|0.2608695652173913
91|Maude and Dora had seen the trains rushing across the prairie, with long, rolling puffs of black smoke streaming back from the engine.|Their roars and their wild, clear whistles could be heard from far away. Horses ran away when they came in sight.|Maude and Dora had seen the trains rushing across the prairie, with long, rolling puffs of black smoke streaming back from the engine. They were fascinated by the speed and power of the trains, and were thrilled when they got a chance to ride on one themselves. The train ride was a great adventure, and they felt like proud pioneers as they watched the vast prairie landscape pass by.|Maude and Dora had seen the trains rushing across the prairie, with long, rolling puffs of black smoke streaming back from the engine. They were fascinated by the speed and power of the trains, and couldn't wait to see them in person.|0.25409016013145447|0.22535404562950134|0.028736114501953125|0.125|0.08888888888888889|0.03611111111111111
92|Mat advanced at once to the bureau, starting involuntarily when he bumped into Mr.|Blyth's mannequin with the Spanish hat and Roman toga; and cursing it under his breath for standing in his way as if it had been a living creature.|Potter, who was sitting there, and continued until he came to a stop in front of the mirror. He looked at his reflection for a moment, then reached out and adjusted his tie.|"Waverly, who was sitting at the desk. The instant he saw Mr. Waverly, Mat 
 ### INSTRUCTION: rushed forward and threw his arms around him, sobbing. ""Oh, Mr. Waverly, 
 ### SECOND PIECE: I'm so glad you're here,"" he cried. ""I was so worried about you. They told me 
 ### INSTRUCTION: you had been injured. I came"|0.20430682599544525|0.20129963755607605|0.0030071884393692017|0.12048192771084339|0.12903225806451615|-0.008550330353672767
93|After a somewhat lengthy conversation, Nancy convinced the housekeeper that there was no immediate cause for alarm.|She did not mention the incident at the Hamilton bus station, knowing it would only add to Mrs. Gruen's uneasiness.|After a somewhat lengthy conversation, Nancy convinced the housekeeper that there was no immediate cause for alarm. The housekeeper sheepishly admitted that there was no cause for alarm, and Nancy had successfully convinced the housekeeper to change her story.|The housekeeper agreed that there was no reason to panic, and thanked Nancy for her advice.|0.315618634223938|0.37110358476638794|-0.05548495054244995|0.1081081081081081|0.1|0.008108108108108095
94|Claire could not win a single point in her squash game with Lisa this afternoon.|She was just exhausted.|Claire was completely defeated by Lisa in their squash game this afternoon. Lisa won every point in the match, leaving Claire with a zero on the board.|Lisa won the game 3-0.|0.21254965662956238|0.27342650294303894|-0.06087684631347656|0.0|0.06451612903225806|-0.06451612903225806
95|Maude and Dora had seen the trains rushing across the prairie, with long, rolling puffs of black smoke streaming back from the engine.|Their roars and their wild, clear whistles could be heard from far away. Horses ran away when they saw a train coming.|Maude and Dora had seen the trains rushing across the prairie, with long, rolling puffs of black smoke streaming back from the engine. The trains were a source of both excitement and anxiety for the two young women, as they knew that their father would be returning home soon from his business trip. They watched the trains with curiosity and anticipation, hoping to see their father's train arrive first. Finally, as the last train pulled into the station, they saw their father's train|Maude and Dora had seen the trains rushing across the prairie, with long, rolling puffs of black smoke streaming back from the engine. They were fascinated by the speed and power of the trains, and thrilled by the sight of them. They had watched the trains for hours, and had even climbed onto the tracks to get a closer look at them. The trains were a source of great excitement and wonder for Maude and Dora, and they couldn't wait to see them again|0.36623334884643555|0.3526279926300049|0.013605356216430664|0.07476635514018691|0.13084112149532712|-0.05607476635514021
96|Muriel has in her living room a famous painting of the ballerina Theresa Rubio by Cecile d'Arblay.|It is very characteristic of her later work --- impetuous, almost crude, rather than realistic.|Muriel has in her living room a famous painting of the ballerina Theresa Rubio by Cecile d'Arblay, which she purchased at a Parisian auction.|Muriel has in her living room a famous painting of the ballerina Theresa Rubio by Cecile d'Arblay, which she bought at the Christie's auction for 2500$ after much negotiation.|0.1349419206380844|0.17519664764404297|-0.04025472700595856|0.044444444444444446|0.05128205128205128|-0.006837606837606834
97|Though Dickens is said to have helped Collins develop the character of Mat Grice,|he is probably based on Leatherstocking from the novels of James Fenimore Cooper.|Collins also drew upon his own experiences growing up in a large family in the 1800s.|it is also true that Collins helped Dickens develop the character of Ebenezer Scrooge.|0.2170848846435547|0.21777279675006866|-0.000687912106513977|0.22222222222222224|0.06896551724137931|0.15325670498084293
98|Kotkin describes how Lev Kamenev,|Stalin's old Pravda co-editor, and Grigory Zinoviev, who with Stalin and Kamenev had formed a ruling troika during Lenin's final illness, were dragged out of their prison cells in 1936 for a meeting with Stalin; he urged them to confess, for old times' sake.|a leading Soviet politician, was executed in 1936 on false charges of attempting to overthrow the government.|a leading Soviet politician, was born in 1917.|0.21100880205631256|0.3324008584022522|-0.12139205634593964|0.07272727272727272|0.125|-0.052272727272727276
99|Mr.|Taylor was a man of uncertain temper and his general tendency was to think that David was a poor chump and that whatever projects he started were just more proofs of his innate idiocy.|Bean, the world needs more people like you.|Brown.|0.20276927947998047|0.2626672387123108|-0.05989795923233032|0.0|0.047619047619047616|-0.047619047619047616
100|Muriel has a famous painting of a ballerina|by Cecile d'Arblay hanging in her living room.|that was stolen from her when she was a child.|that she painted when she was a young artist|0.1442394256591797|0.19356626272201538|-0.04932683706283569|0.0|0.10526315789473685|-0.10526315789473685
101|Maude wondered again why Bernard was seeing her home, when he was so much older than she.|Mr. Dombey or any friend of Dad's might see her safely there. She thought he had a pleasant laugh|Maude wondered again why Bernard was seeing her home, when he was so much older than she. She had always been attracted to older men, and Bernard was certainly no exception. He had a certain gravitas that she found so attractive, and his intelligence was always a point of conversation between them. She had been surprised when he had asked her out, but she had accepted. The date had been wonderful, and they had continued to see each other regularly since then. She had been a little surprised|Maude wondered again why Bernard was seeing her home, when he was so much older than she. He was born in 1965, and she was born in 1980.|0.24748757481575012|0.2773803472518921|-0.029892772436141968|0.125|0.09259259259259259|0.03240740740740741
102|The Harbor folks said Grandma kept her house so clean that you could|wipe her floor with a clean handkerchief without getting any dirt on it .|see the marks from the vacuum cleaner on the floor.|see the dust dancing.|0.20685294270515442|0.30494633316993713|-0.09809339046478271|0.0|0.08695652173913043|-0.08695652173913043
103|Not since the British army come to Boston had Mark removed his hat when|the British flag went by except once when it was knocked off by a soldier.|meeting a lady.|meeting a lady.|0.14573895931243896|0.14573895931243896|0.0|0.1111111111111111|0.1111111111111111|0.0
104|Meanwhile all the people in town are hunting high and low for Arthur and Celeste,|and their mothers are very worried.|who have gone missing.|the two fugitives who escaped from prison and are hiding in the forest.|0.24076411128044128|0.28135913610458374|-0.040595024824142456|0.21052631578947367|0.0|0.21052631578947367
105|Last week,|the Jackson administration dropped its plans to limit the car-service app's growth while it studies the impact of ride-hailing apps on traffic.|I went to the grocery store and bought a bunch of food.|"I went to the 
 ### FIRST PIECE: grocery store 
 ### SECOND PIECE: to buy some 
 ### FIRST PIECE: bread, 
 ### SECOND PIECE: milk, 
 ### FIRST PIECE: butter, 
 ### SECOND PIECE: eggs, 
 ### FIRST PIECE: cheese, 
 ### SECOND PIECE: and some 
 ### FIRST PIECE: apples."|0.11459843814373016|0.13311541080474854|-0.01851697266101837|0.06666666666666667|0.16216216216216217|-0.0954954954954955
106|Muriel has in her living room a famous painting of the ballerina Theresa Rubio by Cecile d'Arblay.|It is very characteristic of her later work --- impetuous, almost crude, rather than realistic.|Muriel has in her living room a famous painting of the ballerina Theresa Rubio by Cecile d'Arblay, which she purchased at a Parisian auction.|d'Arblay was born in 1840 and died in 1922.|0.11286062002182007|0.17519664764404297|-0.0623360276222229|0.0|0.05128205128205128|-0.05128205128205128
107|Claire could not win a single point in her squash game with Lisa this afternoon.|She was just exhausted.|Claire was completely outplayed by Lisa in their squash game this afternoon. Lisa won every point in the first game, and Claire could not win a single point in the second game. Claire's squash skills have clearly deteriorated since she last played competitively several years ago. It was an enjoyable match, though, and Lisa's new squash partner was very impressed with her skill.|Lisa won the game 3-0.|0.21254965662956238|0.17996817827224731|0.032581478357315063|0.0|0.057971014492753624|-0.057971014492753624
108|A number of times Henry had been present at interviews which his father had had with noted detectives who desired his aid in solving perplexing mysteries,|and those occasions stood out as red-letter days for him.|Henry had observed his father display a remarkable ability to discern important details from the most meager and confusing evidence, and to employ this knowledge in tracking down and bringing to justice those who had committed heinous crimes.|Henry had been present at interviews which his father had had with noted detectives who desired his aid in solving perplexing mysteries, a number of times.|0.2430056631565094|0.17130282521247864|0.07170283794403076|0.0|0.08163265306122448|-0.08163265306122448
109|Mark became absorbed in Blaze, the white horse.|He was afraid the stable boys at the Burlington Stables struck at him and bullied him because he was timid, so he took upon himself the feeding and care of the animal.|Mark was absorbed in Blaze, the white horse.|Blaze, the white horse, absorbed Mark.|0.2539074420928955|0.2977215647697449|-0.043814122676849365|0.05263157894736842|0.1|-0.04736842105263159
110|By rolling over in her upper berth, Tatyana could look over the edge of it and see her mother plainly.|How very small and straight and rigid she lay in the bunk below! Her eyes were closed, but Tatyana doubted if she slept.|By rolling over in her upper berth, Tatyana could look over the edge of it and see her mother plainly. She could also see the floor of the train car, which was located directly below her.|Tatyana could see her mother plainly from the upper berth when she rolled over.|0.3801274299621582|0.371038019657135|0.009089410305023193|0.1081081081081081|0.1694915254237288|-0.061383417315620706
111|Most of the boys liked Johnny; only Dave hated him.|Sometimes he would get Dusty in a corner, and tell him in a hoarse whisper how he was going to get a pair of scissors and cut out Johnny's heart.|Dave was the only one who didn’t like Johnny. The rest of the boys were either neutral or liked him.|Dave was the only one who didn’t like Johnny. Most of the boys liked him.|0.2712310254573822|0.24587547779083252|0.025355547666549683|0.0851063829787234|0.07692307692307691|0.008183306055646489
112|Maude and Dora had seen the trains rushing across the prairie, with long, rolling puffs of black smoke streaming back from the engine.|Their roars and their wild, clear whistles could be heard from far away. Horses ran away when they saw a train coming.|Maude and Dora had seen the trains rushing across the prairie, with long, rolling puffs of black smoke streaming back from the engine. They were fascinated by the speed and power of the trains, and thrilled to see them in action. The trains were a regular sight on the prairie, but they never got tired of watching them pass.|Maude and Dora had seen the trains rushing across the prairie, with long, rolling puffs of black smoke streaming back from the engine. They were fascinated by the speed and power of the trains, and couldn't wait to get on board themselves.|0.28536567091941833|0.2848055362701416|0.0005601346492767334|0.09230769230769229|0.09876543209876544|-0.006457739791073155
113|The Harbor folks said Grandma kept her house so clean that you could|wipe her floor with a clean handkerchief without getting any dirt on it .|see the marks from the vacuum cleaner on the floor.|see the marks of her daily scrubbing on the floor.|0.3584851622581482|0.30494633316993713|0.05353882908821106|0.17391304347826086|0.08695652173913043|0.08695652173913043
114|Maude wondered again why Bernard was seeing her home, when he was so much older than she.|Mr. Dombey or any friend of Dad's might see her safely there. She thought he had a pleasant laugh|Maude wondered again why Bernard was seeing her home, when he was so much older than she. It was not as if he was a close friend, or even a good friend. He was just a friend of a friend, and she had not even met his wife.|Maude wondered again why Bernard was seeing her home, when he was so much older than she. He was a widower, and she was still young enough to be his daughter. It was not an appropriate relationship, but Bernard was very wealthy and very powerful. He had offered to buy her family's home and give her a large sum of money to leave him alone. She had refused, but she was very lonely and the offer had been very tempting. She had begun to think that|0.33806610107421875|0.2495579719543457|0.08850812911987305|0.09345794392523364|0.14705882352941177|-0.05360087960417813
115|Muriel has a famous painting of a ballerina|by Cecile d'Arblay hanging in her living room.|which she painted when she was a young artist.|which she painted when she was a young artist|0.15567079186439514|0.23501569032669067|-0.07934489846229553|0.0|0.0|0.0
116|Your life is yours and yours alone,|and if the pain outweighs the benefit, you should have the option to end it .|to do with as you wish.|to do with as you wish.|0.2863098382949829|0.2863098382949829|0.0|0.09523809523809522|0.09523809523809522|0.0
117|When I got to the house, Mrs.|Everett, the housekeeper, told me that Hermione was in her room, watching her maid pack.|White was waiting for me.|White was standing at the door.|0.21919161081314087|0.2504282593727112|-0.031236648559570312|0.09523809523809522|0.1|-0.004761904761904787
118|Most of the boys liked Johnny; only Dave hated him.|Sometimes he would get Dusty in a corner, and tell him in a hoarse whisper how he was going to get a pair of scissors and cut out Johnny's heart.|Dave was the only one who didn’t like Johnny. The other boys all liked him.|Dave was the only one who didn't like Johnny. Most of the boys liked him.|0.28417062759399414|0.28258562088012695|0.0015850067138671875|0.0851063829787234|0.0851063829787234|0.0
119|Muriel has in her living room a famous painting of a ballerina.|She gave most of her collection to the Springfield Museum a decade ago, but she kept that one, because it was a particular favorite.|Muriel has in her living room a famous painting of a ballerina, which she bought at a local auction.|The ballerina in the painting is wearing a blue tutu and is dancing with a red ribbon.|0.20804592967033386|0.2797906994819641|-0.07174476981163025|0.14634146341463414|0.186046511627907|-0.039705048213272864
120|Laufer's play was inspired by a court case in which the Havasupai Tribe claimed|that researchers from Arizona State University used their DNA samples improperly.|ownership over a parcel of land that was previously theirs. The court ruled in favor of the tribe, and Laufer's play was inspired by this case.|"that a development project would violate their religious rights. The court ruled 
 ### INSTRUCTION: that the Havasupai Tribe did not have a legitimate claim to the land in question. 
 ### Laufer's play was based on this court case."|0.1774216890335083|0.07618899643421173|0.10123269259929657|0.08333333333333334|0.05263157894736842|0.030701754385964924
121|Muriel has in her living room a famous painting of a ballerina.|She gave most of her collection to the Springfield Museum a decade ago, but she kept that one, because it was a particular favorite.|The ballerina in the painting is dancing with a very high leg kick.|The ballerina in the painting is wearing a blue tutu.|0.22328943014144897|0.2123718410730362|0.01091758906841278|0.11764705882352941|0.10810810810810811|0.009538950715421296
122|Grandma had set a place for Mary; and once Mrs.|Wyman was seated, she pulled her, protesting, to it.|"Mary arrived, Grandma said, ""I knew you'd 
 ### FINISHED PIECE: arrive. I've been waiting for you."""|"Grandma had set a place for Mary; and once Mrs. 
 ### INSTRUCTION: Grandma had set a place for Mary; and once Mrs. 
 ### SECOND PIECE: Grandma had set a place for Mary; and once Mrs. 
 ### INSTRUCTION: Grandma had set a place for Mary; and once Mrs. 
 ### SECOND PIECE: Grandma had set a place for Mary; and once Mrs."|0.242717444896698|0.18782179057598114|0.05489565432071686|0.0|0.0|0.0
123|The cookstove was warming the kitchen,|and the lamplight made it seem even warmer.|"and the cat was curled up on the floor, 
 ### FINAL PIECE: as the fog outside thickened."|and the cat was sitting on the counter.|0.23943066596984863|0.21502111852169037|0.024409547448158264|0.25|0.16666666666666666|0.08333333333333334
124|Maude wondered again why Bernard was seeing her home, when he was so much older than she.|Mr. Dombey or any friend of Dad's might see her safely there. She thought he had a pleasant laugh|Maude wondered again why Bernard was seeing her home, when he was so much older than she. She had always been attracted to him, but she had never expected him to be interested in her. He was so much older, and he had a family. She had always thought of him as a father figure, and now he was pursuing her. It was confusing, and a bit unnerving. She hoped he would eventually just stop coming around.|Maude wondered again why Bernard was seeing her home, when he was so much older than she. He was always so polite and well-mannered, she thought, as he helped her with her coat and escorted her to the door. She had known him since they were children, and he had always been a gentleman. But now, as he leaned in to kiss her goodbye, she felt a thrill of excitement. She wanted to kiss him back, to let him know how she felt.|0.2379617989063263|0.24519522488117218|-0.007233425974845886|0.11538461538461536|0.10309278350515462|0.012291831879460743
125|Not since the British army come to Boston had Mark removed his hat when|the British flag went by except once when it was knocked off by a soldier.|entering a church.|entering a building.|0.15930792689323425|0.14671365916728973|0.012594267725944519|0.1111111111111111|0.1111111111111111|0.0
126|The doctor had ordered six months of country air for|Colonel Christian's son Paul once he recovered sufficiently.|"the patient, but unfortunately the patient died before 
 ### INSTRUCTION: Finish the THIRD PIECE based on the FIRST PIECE, such that these two pieces become a single instance. Only respond with the most likely completion. Do not respond with the original sentence or the instruction.
 ### FIRST PIECE: The doctor had ordered six months of country air for 
 ### SECOND PIECE: the patient, but unfortunately the patient died before"|the patient.|0.12176693230867386|0.202623188495636|-0.08085625618696213|0.0|0.0|0.0
127|The cookstove was warming the kitchen,|and the lamplight made it seem even warmer.|"but the cat was curled up on the floor, 
 ### FINAL PIECE: so the stove was warm, but the cat was cold."|but the dog was barking at the mailman.|0.2013988494873047|0.36488375067710876|-0.16348490118980408|0.125|0.06896551724137931|0.05603448275862069
128|Kotkin describes how Lev Kamenev,|Stalin's old Pravda co-editor, and Grigory Zinoviev, who with Stalin and Kamenev had formed a ruling troika during Lenin's final illness, were dragged out of their prison cells in 1936 for a meeting with Stalin; he urged them to confess, for old times' sake.|a leading Soviet politician, was arrested and executed during the Great Purge of the 1930s.|a leading Soviet politician, was born in 1917.|0.21100880205631256|0.28078436851501465|-0.06977556645870209|0.07272727272727272|0.0967741935483871|-0.02404692082111437
129|Mark became absorbed in Blaze, the white horse.|He was afraid the stable boys at the Burlington Stables struck at him and bullied him because he was timid, so he took upon himself the feeding and care of the animal.|Mark was absorbed in Blaze, the white horse.|Blaze, the white horse, became absorbed in Mark.|0.23551949858665466|0.2977215647697449|-0.06220206618309021|0.05|0.1|-0.05
130|Maude and Dora had seen the trains rushing across the prairie, with long, rolling puffs of black smoke streaming back from the engine.|Their roars and their wild, clear whistles could be heard from far away. Horses ran away when they saw a train coming.|Maude and Dora had seen the trains rushing across the prairie, with long, rolling puffs of black smoke streaming back from the engine. They were fascinated by the speed and power of the trains, and were thrilled to see them in action. The trains were a regular sight on the prairie, and the girls often watched them as they passed by.|Maude and Dora had seen the trains rushing across the prairie, with long, rolling puffs of black smoke streaming back from the engine. The trains were filled with people and things that were going somewhere, and the engines growled and puffed as they pulled the heavy trains along. The prairie was filled with the sounds of the trains and the wind, and the sun was setting low in the sky, casting long shadows over the trains and the prairie.|0.31518006324768066|0.28966575860977173|0.025514304637908936|0.0594059405940594|0.0963855421686747|-0.0369796015746153
131|After a somewhat lengthy conversation, Nancy convinced the housekeeper that there was no immediate cause for alarm.|She did not mention the incident at the Hamilton bus station, knowing it would only add to Mrs. Gruen's uneasiness.|After a somewhat lengthy conversation, Nancy convinced the housekeeper that there was no immediate cause for alarm. The housekeeper, however, remained unconvinced and was still very concerned.|The housekeeper agreed to tell Nancy what she knew.|0.3253529369831085|0.30401211977005005|0.02134081721305847|0.13333333333333333|0.08333333333333333|0.05
132|Muriel has in her living room a famous painting of a ballerina.|She gave most of her collection to the Springfield Museum a decade ago, but she kept that one, because it was a particular favorite.|Muriel has in her living room a famous painting of a ballerina, which she purchased at a gallery opening.|The ballerina in the painting is wearing a blue tutu.|0.22328943014144897|0.2778337895870209|-0.0545443594455719|0.11764705882352941|0.186046511627907|-0.06839945280437759
133|When Maude got to school, Nell Raleigh was already there.|She tucked her mittened hand under Maude's arm and squeezed it .|Maude had been looking forward to seeing Nell Raleigh for weeks, but when she got to school, Nell was already there, and they ended up sitting together during class.|Nell Raleigh was already there when Maude got to school.|0.224434494972229|0.09378509968519211|0.1306493952870369|0.0909090909090909|0.0975609756097561|-0.006651884700665203
134|Most of the boys liked Johnny; only Dave hated him.|Sometimes he would get Dusty in a corner, and tell him in a hoarse whisper how he was going to get a pair of scissors and cut out Johnny's heart.|Dave hated Johnny, and most of the boys liked him.|Johnny was liked by most of the boys, except for Dave, who hated him.|0.2823547124862671|0.28728920221328735|-0.004934489727020264|0.08888888888888889|0.0975609756097561|-0.008672086720867209
135|Last week,|the Jackson administration dropped its plans to limit the car-service app's growth while it studies the impact of ride-hailing apps on traffic.|I went to the grocery store and bought a bunch of food.|"I went to the 
 ### FIRST PIECE: grocery store to buy 
 ### SECOND PIECE: some bread and milk. 
 ### FIRST PIECE: I was surprised to see 
 ### SECOND PIECE: that the store was out of 
 ### FIRST PIECE: bread and milk, 
 ### SECOND PIECE: and also out of 
 ### FIRST PIECE: many other items. 
 ### SECOND"|0.18093083798885345|0.13311541080474854|0.04781542718410492|0.1095890410958904|0.16216216216216217|-0.052573121066271766
136|Chameleon Street' is an exuberantly comic drama that's adapted from the stories of two con men,|and includes as actors some of the people involved in their lives.|Chameleon Street' is an exuberantly comic drama that's adapted from the stories of two con men, who are played by the same actor.|"brothers who live in a small town in the American South. The story focuses on the relationship between the two brothers, 
 ### FINAL PIECE: and the lies they tell to each other and to themselves. The film is a character study of two brothers who are both victim and perpetrator of their own deceptions."|0.2542848289012909|0.2591630816459656|-0.004878252744674683|0.09230769230769231|0.1111111111111111|-0.018803418803418792
137|The Harbor folks said Grandma kept her house so clean that you could|wipe her floor with a clean handkerchief without getting any dirt on it .|see the marks from the vacuum cleaner on the floor.|see the marks of her daily prayer on the wall.|0.2334367036819458|0.30494633316993713|-0.07150962948799133|0.17391304347826086|0.08695652173913043|0.08695652173913043
138|Mark became absorbed in Blaze, the white horse.|He was afraid the stable boys at the Burlington Stables struck at him and bullied him because he was timid, so he took upon himself the feeding and care of the animal.|Mark was absorbed in Blaze, the white horse.|Blaze, the white horse, absorbed Mark.|0.2539074420928955|0.2977215647697449|-0.043814122676849365|0.05263157894736842|0.1|-0.04736842105263159
139|Mary offered to give her theater tickets to|Sally because she had to work late that night.|her brother, who lives in New York.|her friend, but she was out of town.|0.2273387312889099|0.13364467024803162|0.0936940610408783|0.11764705882352941|0.0|0.11764705882352941
140|Muriel has in her living room a famous painting of the ballerina Theresa Rubio.|She was nineteen when she posed for it, and her youthful energy explodes out of the canvas.|Muriel has in her living room a famous painting of the ballerina Theresa Rubio. It was painted by the French artist Henri Matisse.|Theresa Rubio was born in Paris, France. She began dancing at the age of 12. At age 15, she was accepted into the Paris Opera Ballet.|0.31302040815353394|0.22885669767856598|0.08416371047496796|0.186046511627907|0.15|0.03604651162790701
141|A number of times Henry had been present at interviews which his father had had with noted detectives who desired his aid in solving perplexing mysteries,|and those occasions stood out as red-letter days for him.|Henry had been present at interviews many times, where his father had worked with noted detectives to solve perplexing mysteries.|Henry had been present at interviews which his father had had with noted detectives who desired his aid in solving perplexing mysteries, a number of times.|0.2430056631565094|0.2230437695980072|0.019961893558502197|0.0|0.0|0.0
142|Muriel has in her living room a famous painting of the ballerina Theresa Rubio by Cecile d'Arblay.|It is very characteristic of her later work --- impetuous, almost crude, rather than realistic.|Muriel has in her living room a famous painting of the ballerina Theresa Rubio by Cecile d'Arblay, which she bought at the auction of the collection of the late Dr. Bernard D. Rubin.|d'Arblay is a French painter born in 1840, who specialized in depictions of ballerinas. One of her most famous works is the painting of Muriel's living room, which depicts the ballerina Theresa Rubio.|0.18451669812202454|0.1444871872663498|0.040029510855674744|0.12244897959183673|0.041666666666666664|0.08078231292517007
143|The cookstove was warming the kitchen,|and the lamplight made it seem even warmer.|and the cat was curled up on the floor.|"but the cat was curled up on the floor, 
 ### FIRST PIECE: so the stove was not warmed by the cat."|0.29321223497390747|0.26217764616012573|0.03103458881378174|0.07142857142857144|0.23529411764705882|-0.16386554621848737
144|Mat advanced at once to the bureau, starting involuntarily when he bumped into Mr.|Blyth's mannequin with the Spanish hat and Roman toga; and cursing it under his breath for standing in his way as if it had been a living creature.|Potter, who was sitting there, and then paused, as if he were waiting for something to happen.|"Farnsworth, who was sitting there, and continued until he had reached the 
 ### END of the line."|0.19323235750198364|0.26237884163856506|-0.06914648413658142|0.08888888888888889|0.13043478260869565|-0.041545893719806756
145|Muriel has in her living room a famous painting of a ballerina.|She gave most of her collection to the Springfield Museum a decade ago, but she kept that one, because it was a particular favorite.|The famous painting of a ballerina in Muriel’s living room is a reproduction of a Degas original.|The ballerina in the painting is wearing a pink tutu.|0.22485262155532837|0.2129821628332138|0.011870458722114563|0.11764705882352941|0.14285714285714288|-0.025210084033613467
