Index|Label|First piece|Gold|Prediction
0|-1|Chameleon Street' is an exuberantly comic drama that's adapted from the stories of two con men,|and includes as actors some of the people involved in their lives.|"who live in a small town in the American South. The film follows their misadventures as they try to 
 ### FIRST PIECE: scam a wealthy widow out of her money, and get involved with a local gang of thieves. The film 
 ### SECOND PIECE: stars Danny Glover, Bill Cosby, and Margot Kidder."
1|-1|Not since the British army come to Boston had Mark removed his hat when|the British flag went by except once when it was knocked off by a soldier.|meeting someone of higher rank.
2|-1|Maude and Dora had seen the trains rushing across the prairie, with long, rolling puffs of black smoke streaming back from the engine.|Their roars and their wild, clear whistles could be heard from far away. Horses ran away when they came in sight.|Maude and Dora had seen the trains rushing across the prairie, with long, rolling puffs of black smoke streaming back from the engine. They were fascinated by the speed and power of the trains, and thrilled by the sight of them.
3|-1|Muriel has in her living room a famous painting of a ballerina by Cecile d'Arblay.|She is seen in profile, with her arms outstretched to an unseen lover.|Muriel has in her living room a famous painting of a ballerina by Cecile d'Arblay, which she bought at a charity auction for $1500.
4|-1|Kotkin describes how Lev Kamenev,|Stalin's old Pravda co-editor, and Grigory Zinoviev, who with Stalin and Kamenev had formed a ruling troika during Lenin's final illness, were dragged out of their prison cells in 1936 for a meeting with Stalin; he urged them to confess, for old times' sake.|a leading Soviet politician, was born in 1917.
5|-1|After a somewhat lengthy conversation, Nancy convinced the housekeeper that there was no immediate cause for alarm.|She did not mention the incident at the Hamilton bus station, knowing it would only add to Mrs. Gruen's uneasiness.|The housekeeper agreed that there was no immediate cause for alarm, and thanked Nancy for her efforts.
6|-1|Most of the boys liked Johnny; only Dave hated him.|Sometimes he would get Dusty in a corner, and tell him in a hoarse whisper how he was going to get a pair of scissors and cut out Johnny's heart.|Dave was the only one who didn't like Johnny. Most of the boys liked him.
7|-1|Laufer's play was inspired by a court case in which the Havasupai Tribe claimed|that researchers from Arizona State University used their DNA samples improperly.|the right to water in the Grand Canyon. The court ruled that the Tribe was entitled to
8|-1|The needy were allowed to follow after the|harvesters so that they might pick up the fallen grain.|rich.
9|-1|Most of the boys liked Johnny; only Dave hated him.|Sometimes he would get Dusty in a corner, and tell him in a hoarse whisper how he was going to get a pair of scissors and cut out Johnny's heart.|Dave was the only one who didn't like Johnny. Most of the boys liked him.
10|-1|Maude wondered again why Bernard was seeing her home, when he was so much older than she.|Mr. Dombey or any friend of Dad's might see her safely there. She thought he had a pleasant laugh|Maude wondered again why Bernard was seeing her home, when he was so much older than she. He was a widower, and she was still young enough to be his daughter. It was a strange situation, and she did not like it.
11|-1|Maude and Dora had seen the trains rushing across the prairie, with long, rolling puffs of black smoke streaming back from the engine.|Their roars and their wild, clear whistles could be heard from far away. Horses ran away when they came in sight.|Maude and Dora had seen the trains rushing across the prairie, with long, rolling puffs of black smoke streaming back from the engine. They watched the trains pass by, and then they turned and walked back to their cabin.
12|-1|Maude and Dora had seen the trains rushing across the prairie, with long, rolling puffs of black smoke streaming back from the engine.|Their roars and their wild, clear whistles could be heard from far away. Horses ran away when they came in sight.|Maude and Dora had seen the trains rushing across the prairie, with long, rolling puffs of black smoke streaming back from the engine. They were fascinated by the speed and power of the trains as they tore across the landscape, and they watched them with wide eyes. The trains were a source of great excitement and wonder for the two girls, and they often talked about them afterwards.
13|-1|The wheel was a blur and the needle was a streak of light.|Mrs. Black's plump hands scrambled on the cloth, feeding it under the needle|The blur of the wheel and the streak of light of the needle.
14|-1|Muriel has in her living room a famous painting of a ballerina.|She bought the painting when she was thirty.|The ballerina in the painting is wearing a blue tutu.
15|-1|Muriel has hanging in her living room a famous painting|by Cecile d'Arblay of a ballerina putting on her shoe.|"of her friend Molly. Molly is depicted as a young woman 
 ### FINISHED SECOND PIECE: standing in a field with a blue sky behind her."
16|-1|Mat advanced at once to the bureau, starting involuntarily when he bumped into Mr.|Blyth's mannequin with the Spanish hat and Roman toga; and cursing it under his breath for standing in his way as if it had been a living creature.|Wilkins who was standing at the counter.
17|-1|Kotkin describes how Lev Kamenev,|Stalin's old Pravda co-editor, and Grigory Zinoviev, who with Stalin and Kamenev had formed a ruling troika during Lenin's final illness, were dragged out of their prison cells in 1936 for a meeting with Stalin; he urged them to confess, for old times' sake.|"a leading Soviet politician, 
 ### FIRST PIECE: was born in 1882, 
 ### SECOND PIECE: and became a prominent Communist official. 
 ### FIRST PIECE: He was named as an alternate member of the 
 ### SECOND PIECE: the Politburo in 1935, 
 ### FIRST PIECE: and became a full member the next year."
18|-1|The wheel was a blur and the needle was a streak of light.|Mrs. Black's plump hands scrambled on the cloth, feeding it under the needle|The blur of the wheel and the streak of light of the needle.
19|-1|Mat advanced at once to the bureau, starting involuntarily when he bumped into Mr.|Blyth's mannequin with the Spanish hat and Roman toga; and cursing it under his breath for standing in his way, as if it had been a living creature.|Wilkes, who was sitting at the desk.
20|-1|The people in my reading group found Carpenter's|poems hard to understand because they are obscure.|"The book to be very interesting and 
 ### INSTRUCTION: The book to be very interesting and 
 ### Carpenter's 
 ### The book to be very interesting and 
 ### The book to be very interesting and 
 ### The book to be very interesting and 
 ### The book to be very interesting and 
 ### The book to be very interesting and 
 ### The book to be very interesting and 
 ### The book to be very interesting and"
21|-1|The people in my reading group found Carpenter's|poems hard to understand because they are obscure.|"The book to be very interesting, but they had some 
 ### INSTRUCTION: The book was very interesting, but they had some difficulty understanding the section on quantum mechanics."
22|-1|Maude and Dora had seen the trains rushing across the prairie, with long, rolling puffs of black smoke streaming back from the engine.|Their roars and their wild, clear whistles could be heard from far away. Horses ran away when they came in sight.|"Maude and Dora had seen the trains rushing across the prairie, with long, rolling puffs of black smoke streaming back from the engine. They watched as the train pulled into the station, and then they heard the conductor call out, ""Duluth! Duluth!"""
23|-1|When Maude got to school, Nell Raleigh was already there.|She tucked her mittened hand under Maude's arm and squeezed it.|Nell Raleigh was already there when Maude got to school.
24|-1|Muriel has hanging in her living room a famous painting|by Cecile d'Arblay of a ballerina putting on her shoe.|of her aunt, who was a nun.
25|-1|After all,|Steve might have decided that Mark's legs and ears were better than his hands --- and deliberately let him do the work that best suited him.|the only thing that really matters is the relationship between you and me.
26|-1|Grandma had set a place for Mary; and once Mrs.|Wyman was seated, she pulled her, protesting, to it.|"Grandma had set a place for Mary; and once Mrs. 
 ### INSTRUCTION: Grandma had set a place for Mary; and once Mrs. 
 ### SECOND PIECE: Grandma had set a place for Mary; and once Mrs. 
 ### INSTRUCTION: Grandma had set a place for Mary; and once Mrs. 
 ### SECOND PIECE: Grandma had set a place for Mary; and once Mrs."
27|-1|Mat advanced at once to the bureau, starting involuntarily when he bumped into Mr.|Blyth's mannequin with the Spanish hat and Roman toga; and cursing it under his breath for standing in his way as if it had been a living creature.|Wilkins, who was sitting on the corner of the desk.
28|-1|Mat advanced at once to the bureau, starting involuntarily when he bumped into Mr.|Blyth's mannequin with the Spanish hat and Roman toga; and cursing it under his breath for standing in his way, as if it had been a living creature.|"Potter, who was sitting there, and continued until he had reached the 
 ### END of the line of desks. At the bureau, he was met by a clerk who, upon learning that he had 
 ### come for his pension, led him to a small room and, after telling him to wait, disappeared 
 ### through an adjoining door. Mat, who had already become impatient, now began to feel anxious, 
 ### and, as the minutes passed,"
29|-1|People kept going through the traffic light because the light was in the middle of a holiday display.|It was too inconspicuous.|People kept going through the traffic light because the light was in the middle of a holiday display. The display featured a large star at the top, and red and green lights in the middle.
30|-1|Mat advanced at once to the bureau, starting involuntarily when he bumped into Mr.|Blyth's mannequin with the Spanish hat and Roman toga; and cursing it under his breath for standing in his way, as if it had been a living creature.|Brown, who was standing at the corner of the street.
31|-1|Mark became absorbed in Blaze, the white horse.|He was afraid the stable boys at the Burlington Stables struck at him and bullied him because he was timid, so he took upon himself the feeding and care of the animal.|Blaze, the white horse, absorbed Mark.
32|-1|Always before, Larry had helped Dad with his work.|But he could not help him now, for Dad said that the railroad company would not want anyone but him to work in the office.|Dad often needed help with his work, and Larry was always willing to help.
33|-1|Kotkin describes how Lev Kamenev,|Stalin's old Pravda co-editor, and Grigory Zinoviev, who with Stalin and Kamenev had formed a ruling troika during Lenin's final illness, were dragged out of their prison cells in 1936 for a meeting with Stalin; he urged them to confess, for old times' sake.|"a leading Soviet politician, 
 ### FIRST PIECE: was born in 1882, 
 ### SECOND PIECE: in the city of Kiev."
34|-1|The last day came.|Tomorrow Nell was going away. Dad and Mom had brought home her new trunk.|of the week.
35|-1|Maude and Dora had seen the trains rushing across the prairie, with long, rolling puffs of black smoke streaming back from the engine.|Their roars and their wild, clear whistles could be heard from far away. Horses ran away when they came in sight.|Maude and Dora had seen the trains rushing across the prairie, with long, rolling puffs of black smoke streaming back from the engine. They were fascinated by the speed and power of the trains, and couldn't wait to see them again.
36|-1|Muriel has in her living room a famous painting of a ballerina by Cecile d'Arblay.|She is seen in profile, with her arms outstretched to an unseen lover.|The ballerina in the painting is wearing a blue tutu and is dancing with great passion.
37|-1|Muriel has in her living room a famous painting of a ballerina.|She bought the painting when she was thirty.|The ballerina in the painting is wearing a blue tutu and is dancing.
38|-1|Everyone, by now, felt a certain confidence in the British way of doing things.|A general had the right to punish a soldier caught selling his arms, and also anyone who tempted him.|Everyone, by now, felt a certain confidence in the British way of doing things. This confidence was not misplaced, as the British have a well-deserved reputation for efficiency and fair play.
39|-1|Kotkin describes how Lev Kamenev,|Stalin's old Pravda co-editor, and Grigory Zinoviev, who with Stalin and Kamenev had formed a ruling troika during Lenin's final illness, were dragged out of their prison cells in 1936 for a meeting with Stalin; he urged them to confess, for old times' sake.|a leading Soviet politician, was born in 1882.
40|-1|Always before, Larry had helped Dad with his work.|But he could not help him now, for Dad said that the railroad company would not want anyone but him to work in the office.|Larry had helped Dad with his work before.
41|-1|The doctor had ordered six months of country air for|Colonel Christian's son Paul once he recovered sufficiently.|the patient.
42|-1|Muriel has hanging in her living room a famous painting|by Cecile d'Arblay of a ballerina putting on her shoe.|of a young woman in a red dress.
43|-1|Everyone, by now, felt a certain confidence in the British way of doing things.|A general had the right to punish a soldier caught selling his arms, and also anyone who tempted him.|Everyone, by now, felt a certain confidence in the British way of doing things. The Queen was a reassuring presence, and the nation had a solid, if aging, political class. The Labour Party had been in power for a decade, and the Conservatives had been in power for nearly as long. Both parties had a deep bench of experienced politicians. The press was free and feisty, and the public had a range of reliable news sources to choose from. The country was generally prosperous,
44|-1|Mat advanced at once to the bureau, starting involuntarily when he bumped into Mr.|Blyth's mannequin with the Spanish hat and Roman toga; and cursing it under his breath for standing in his way, as if it had been a living creature.|Clerk, who was sitting behind the counter. The latter jumped up and
45|-1|Edward dropped adhesive tape onto his window sill,|and when he pulled the tape off, some of the glue was stuck on it .|"which caused a loud popping sound, 
 ### EXAMPLE: Edward dropped adhesive tape onto his window sill, which caused a loud popping sound."
46|-1|When I got to the house, Mrs.|Everett, the housekeeper, told me that Hermione was in her room, watching her maid pack.|White was waiting for me.
47|-1|Kotkin describes how Lev Kamenev,|Stalin's old Pravda co-editor, and Grigory Zinoviev, who with Stalin and Kamenev had formed a ruling troika during Lenin's final illness, were dragged out of their prison cells in 1936 for a meeting with Stalin; he urged them to confess, for old times' sake.|a leading Soviet politician, was born in 1917.
48|-1|Usually rainy days called for a fire in the hall,|and Tatyana stretched out beside it, a book flattened to the floor.|"but not today. Today, the hall is as cold as the outside, 
 ### FIRST PIECE: and as dark. I'm glad I have a fire to keep me warm, 
 ### SECOND PIECE: and a good book to read by the fire."
49|-1|Maude and Dora had seen the trains rushing across the prairie, with long, rolling puffs of black smoke streaming back from the engine.|Their roars and their wild, clear whistles could be heard from far away. Horses ran away when they saw a train coming.|Maude and Dora had seen the trains rushing across the prairie, with long, rolling puffs of black smoke streaming back from the engine. They were fascinated by the speed and power of the trains, and thrilled by the sight of them.
50|-1|Your life is yours and yours alone,|and if the pain outweighs the benefit, you should have the option to end it .|to do with as you wish.
51|-1|After all,|Steve might have decided that Mark's legs and ears were better than his hands --- and deliberately let him do the work that best suited him.|"the only thing that really matters is whether you're willing to 
 ### FIRST PIECE: sacrifice your comfort for the sake of others."
52|-1|Though Dickens is said to have helped Collins develop the character of Mat Grice,|he is probably based on Leatherstocking from the novels of James Fenimore Cooper.|it is also true that Collins's life was much more difficult than Dickens'.
53|-1|Muriel has in her living room a famous painting of the ballerina Theresa Rubio.|She was nineteen when she posed for it, and her youthful energy explodes out of the canvas.|Theresa Rubio was born in Paris, France. She began studying dance at the age of 6. She was a ballerina with the Paris Opera Ballet and later became the Prima Ballerina of the company. She danced the role of Odette/Odile in the ballet Swan Lake.
54|-1|Though Dickens is said to have helped Collins develop the character of Mat Grice,|he is probably based on Leatherstocking from the novels of James Fenimore Cooper.|it is also true that Collins' life was much more difficult than Dickens'.
55|-1|When Maude got to school, Nell Raleigh was already there.|She tucked her mittened hand under Maude's arm and squeezed it.|Nell Raleigh was already there when Maude got to school.
56|-1|Maude and Dora had seen the trains rushing across the prairie, with long, rolling puffs of black smoke streaming back from the engine.|Their roars and their wild, clear whistles could be heard from far away. Horses ran away when they saw a train coming.|Maude and Dora had seen the trains rushing across the prairie, with long, rolling puffs of black smoke streaming back from the engine. They were amazed at the speed and power of the trains as they tore across the prairie, leaving wisps of black smoke in their wake.
57|-1|Mat advanced at once to the bureau, starting involuntarily when he bumped into Mr.|Blyth's mannequin with the Spanish hat and Roman toga; and cursing it under his breath for standing in his way as if it had been a living creature.|"Dickenson, who was sitting at the desk. The secretary rose and offered her 
 ### INSTRUCTION: hands to assist him as he made his way to the chair which had been placed for him. 
 ### SECOND PIECE: He sat down, and the secretary took her place again at the desk. 
 ### INSTRUCTION: ""I have come on the most important matter,"" said Mat, looking around him with 
 ### SECOND PIECE"
58|-1|Muriel has a famous painting of a ballerina|by Cecile d'Arblay hanging in her living room.|dancing in a blue tutu.
59|-1|The wheel was a blur and the needle was a streak of light.|Mrs. Black's plump hands scrambled on the cloth, feeding it under the needle|The blur of the wheel and the streak of light of the needle.
60|-1|The needy were allowed to follow after the|harvesters so that they might pick up the fallen grain.|rich.
61|-1|People kept going through the traffic light because the light was in the middle of a holiday display.|It was too inconspicuous.|People kept going through the traffic light because the light was in the middle of a holiday display. The display featured a large menorah, and was lit up in celebration of Hanukkah.
62|-1|Muriel has in her living room a famous painting of a ballerina.|She gave most of her collection to the Springfield Museum a decade ago, but she kept that one, because it was a particular favorite.|The ballerina in the painting is wearing a blue tutu and is dancing.
63|-1|Last week,|the Jackson administration dropped its plans to limit the car-service app's growth while it studies the impact of ride-hailing apps on traffic.|"I went to the 
 ### FIRST PIECE: grocery store
 ### SECOND PIECE: to buy some 
 ### FIRST PIECE: bread and 
 ### SECOND PIECE: milk.
 ### FIRST PIECE: I was surprised 
 ### SECOND PIECE: to see 
 ### FIRST PIECE: that the 
 ### SECOND PIECE: price of 
 ### FIRST PIECE: bread had"
64|-1|Grandma had set a place for Mary;|so, reluctantly, she agreed to stay for dinner.|at the dinner table
65|-1|By rolling over in her upper berth, Tatyana could look over the edge of it and see her mother plainly.|How very small and straight and rigid she lay in the bunk below! Her eyes were closed, but Tatyana doubted if she slept.|Tatyana could see her mother plainly from her upper berth by rolling over.
66|-1|Grandma had set a place for Mary; and once Mrs.|Wyman was seated, she pulled her, protesting, to it.|"Grandma had set a place for Mary; and once Mrs. 
 ### INSTRUCTION: Grandma had set a place for Mary; and once Mrs. 
 ### SECOND PIECE: Grandma had set a place for Mary; and once Mrs. 
 ### INSTRUCTION: Grandma had set a place for Mary; and once Mrs. 
 ### SECOND PIECE: Grandma had set a place for Mary; and once Mrs."
67|-1|Usually rainy days called for a fire in the hall,|and Tatyana stretched out beside it, a book flattened to the floor.|which was the cause of the hall being warm.
68|-1|Meanwhile all the people in town are hunting high and low for Arthur and Celeste,|and their mothers are very worried.|who have been gone for days.
69|-1|Mat advanced at once to the bureau, starting involuntarily when he bumped into Mr.|Blyth's mannequin with the Spanish hat and Roman toga; and cursing it under his breath for standing in his way, as if it had been a living creature.|"Dick, who was sitting at the desk. The secretary, a plump, fair-haired girl, 
 ### INSTRUCTION: who had been writing at her desk, looked up and smiled at him. ""I'm sorry,"" he 
 ### said, ""I didn't mean to disturb you."" ""That's all right,"" she replied. ""I was just busy."" ""Can I 
 ### help you?"" he asked. ""I don't"
70|-1|The wheel was a blur and the needle was a streak of light.|Mrs. Black's plump hands scrambled on the cloth, feeding it under the needle|The blur of the wheel and the streak of light from the needle.
71|-1|The doctor had ordered six months of country air for|Colonel Christian's son Paul once he recovered sufficiently.|the patient.
72|-1|Muriel has in her living room a famous painting of a ballerina by Cecile d'Arblay.|She is seen in profile, with her arms outstretched to an unseen lover.|Muriel has in her living room a famous painting of a ballerina by Cecile d'Arblay, which she bought at the auction of the estate of the late Countess d'Orsay.
73|-1|Muriel has in her living room a famous painting of a ballerina.|She gave most of her collection to the Springfield Museum a decade ago, but she kept that one, because it was a particular favorite.|The ballerina in the painting is wearing a blue tutu.
74|-1|Maude and Dora had seen the trains rushing across the prairie, with long, rolling puffs of black smoke streaming back from the engine.|Their roars and their wild, clear whistles could be heard from far away. Horses ran away when they saw a train coming.|Maude and Dora had seen the trains rushing across the prairie, with long, rolling puffs of black smoke streaming back from the engine. The trains were going so fast that the smoke was billowing out behind them.
75|-1|Edward dropped adhesive tape onto his window sill,|and when he pulled the tape off, some of the glue was stuck on it .|"which caused a loud popping sound, 
 ### FINISHED SECOND PIECE: as the adhesive tape popped on the window sill."
76|-1|The last day came.|Tomorrow Nell was going away. Dad and Mom had brought home her new trunk.|of the week.
77|-1|The Harbor folks said Grandma kept her house so clean that you could|wipe her floor with a clean handkerchief without getting any dirt on it .|see the dust dancing on the furniture.
78|-1|Not since the British army come to Boston had Mark removed his hat when|the British flag went by except once when it was knocked off by a soldier.|entering a building.
79|-1|Mat advanced at once to the bureau, starting involuntarily when he bumped into Mr.|Blyth's mannequin with the Spanish hat and Roman toga; and cursing it under his breath for standing in his way, as if it had been a living creature.|Wilkes, who was standing at the counter.
80|-1|Mr.|Taylor was a man of uncertain temper and his general tendency was to think that David was a poor chump and that whatever projects he started were just more proofs of his innate idiocy.|Jones
81|-1|Your life is yours and yours alone,|and if the pain outweighs the benefit, you should have the option to end it .|to do with as you wish.
82|-1|When Maude got to school, Nell Raleigh was already there.|She tucked her mittened hand under Maude's arm and squeezed it .|Nell Raleigh was already there when Maude got to school.
83|-1|Muriel has in her living room a famous painting of a ballerina.|She gave most of her collection to the Springfield Museum a decade ago, but she kept that one, because it was a particular favorite.|The ballerina in the painting is wearing a blue tutu and is dancing.
84|-1|Everyone, by now, felt a certain confidence in the British way of doing things.|A general had the right to punish a soldier caught selling his arms, and also anyone who tempted him.|Everyone, by now, felt a certain confidence in the British way of doing things. The Queen was a reassuring presence at the center of things, and the whole country had a certain solidity and permanence that made it seem a good place to live.
85|-1|Kotkin describes how Lev Kamenev,|Stalin's old Pravda co-editor, and Grigory Zinoviev, who with Stalin and Kamenev had formed a ruling troika during Lenin's final illness, were dragged out of their prison cells in 1936 for a meeting with Stalin; he urged them to confess, for old times' sake.|"a leading Soviet politician during the 1930s, 
 ### FIRST PIECE: was arrested and executed during the Great Purge. 
 ### SECOND PIECE: Kamenev was one of the most important Soviet politicians of the 1930s. He was a close associate of Joseph Stalin and served as a member of the Politburo from 1935 to 1937. During the Great Purge, Kamenev"
86|-1|After a somewhat lengthy conversation, Nancy convinced the housekeeper that there was no immediate cause for alarm.|She did not mention the incident at the Hamilton bus station, knowing it would only add to Mrs. Gruen's uneasiness.|The housekeeper agreed that there was no reason to panic.
87|-1|When Maude got to school, Nell Raleigh was already there.|She tucked her mittened hand under Maude's arm and squeezed it .|Nell Raleigh was already there when Maude got to school.
88|-1|Kotkin describes how Lev Kamenev,|Stalin's old Pravda co-editor, and Grigory Zinoviev, who with Stalin and Kamenev had formed a ruling troika during Lenin's final illness, were dragged out of their prison cells in 1936 for a meeting with Stalin; he urged them to confess, for old times' sake.|a leading Soviet politician, was born in 1917.
89|-1|Grandma had set a place for Mary;|so, reluctantly, she agreed to stay for dinner.|at the dinner table
90|-1|Mary offered to give her theater tickets to|Sally because she had to work late that night.|"her friend, but she had already given her 
 ### FIRST PIECE: tickets to her brother."
91|-1|Maude and Dora had seen the trains rushing across the prairie, with long, rolling puffs of black smoke streaming back from the engine.|Their roars and their wild, clear whistles could be heard from far away. Horses ran away when they came in sight.|Maude and Dora had seen the trains rushing across the prairie, with long, rolling puffs of black smoke streaming back from the engine. They were fascinated by the speed and power of the trains, and couldn't wait to see them in person.
92|-1|Mat advanced at once to the bureau, starting involuntarily when he bumped into Mr.|Blyth's mannequin with the Spanish hat and Roman toga; and cursing it under his breath for standing in his way as if it had been a living creature.|"Waverly, who was sitting at the desk. The instant he saw Mr. Waverly, Mat 
 ### INSTRUCTION: rushed forward and threw his arms around him, sobbing. ""Oh, Mr. Waverly, 
 ### SECOND PIECE: I'm so glad you're here,"" he cried. ""I was so worried about you. They told me 
 ### INSTRUCTION: you had been injured. I came"
93|-1|After a somewhat lengthy conversation, Nancy convinced the housekeeper that there was no immediate cause for alarm.|She did not mention the incident at the Hamilton bus station, knowing it would only add to Mrs. Gruen's uneasiness.|The housekeeper agreed that there was no reason to panic, and thanked Nancy for her advice.
94|-1|Claire could not win a single point in her squash game with Lisa this afternoon.|She was just exhausted.|Lisa won the game 3-0.
95|-1|Maude and Dora had seen the trains rushing across the prairie, with long, rolling puffs of black smoke streaming back from the engine.|Their roars and their wild, clear whistles could be heard from far away. Horses ran away when they saw a train coming.|Maude and Dora had seen the trains rushing across the prairie, with long, rolling puffs of black smoke streaming back from the engine. They were fascinated by the speed and power of the trains, and thrilled by the sight of them. They had watched the trains for hours, and had even climbed onto the tracks to get a closer look at them. The trains were a source of great excitement and wonder for Maude and Dora, and they couldn't wait to see them again
96|-1|Muriel has in her living room a famous painting of the ballerina Theresa Rubio by Cecile d'Arblay.|It is very characteristic of her later work --- impetuous, almost crude, rather than realistic.|Muriel has in her living room a famous painting of the ballerina Theresa Rubio by Cecile d'Arblay, which she bought at the Christie's auction for 2500$ after much negotiation.
97|-1|Though Dickens is said to have helped Collins develop the character of Mat Grice,|he is probably based on Leatherstocking from the novels of James Fenimore Cooper.|it is also true that Collins helped Dickens develop the character of Ebenezer Scrooge.
98|-1|Kotkin describes how Lev Kamenev,|Stalin's old Pravda co-editor, and Grigory Zinoviev, who with Stalin and Kamenev had formed a ruling troika during Lenin's final illness, were dragged out of their prison cells in 1936 for a meeting with Stalin; he urged them to confess, for old times' sake.|a leading Soviet politician, was born in 1917.
99|-1|Mr.|Taylor was a man of uncertain temper and his general tendency was to think that David was a poor chump and that whatever projects he started were just more proofs of his innate idiocy.|Brown.
100|-1|Muriel has a famous painting of a ballerina|by Cecile d'Arblay hanging in her living room.|that she painted when she was a young artist
101|-1|Maude wondered again why Bernard was seeing her home, when he was so much older than she.|Mr. Dombey or any friend of Dad's might see her safely there. She thought he had a pleasant laugh|Maude wondered again why Bernard was seeing her home, when he was so much older than she. He was born in 1965, and she was born in 1980.
102|-1|The Harbor folks said Grandma kept her house so clean that you could|wipe her floor with a clean handkerchief without getting any dirt on it .|see the dust dancing.
103|-1|Not since the British army come to Boston had Mark removed his hat when|the British flag went by except once when it was knocked off by a soldier.|meeting a lady.
104|-1|Meanwhile all the people in town are hunting high and low for Arthur and Celeste,|and their mothers are very worried.|the two fugitives who escaped from prison and are hiding in the forest.
105|-1|Last week,|the Jackson administration dropped its plans to limit the car-service app's growth while it studies the impact of ride-hailing apps on traffic.|"I went to the 
 ### FIRST PIECE: grocery store 
 ### SECOND PIECE: to buy some 
 ### FIRST PIECE: bread, 
 ### SECOND PIECE: milk, 
 ### FIRST PIECE: butter, 
 ### SECOND PIECE: eggs, 
 ### FIRST PIECE: cheese, 
 ### SECOND PIECE: and some 
 ### FIRST PIECE: apples."
106|-1|Muriel has in her living room a famous painting of the ballerina Theresa Rubio by Cecile d'Arblay.|It is very characteristic of her later work --- impetuous, almost crude, rather than realistic.|d'Arblay was born in 1840 and died in 1922.
107|-1|Claire could not win a single point in her squash game with Lisa this afternoon.|She was just exhausted.|Lisa won the game 3-0.
108|-1|A number of times Henry had been present at interviews which his father had had with noted detectives who desired his aid in solving perplexing mysteries,|and those occasions stood out as red-letter days for him.|Henry had been present at interviews which his father had had with noted detectives who desired his aid in solving perplexing mysteries, a number of times.
109|-1|Mark became absorbed in Blaze, the white horse.|He was afraid the stable boys at the Burlington Stables struck at him and bullied him because he was timid, so he took upon himself the feeding and care of the animal.|Blaze, the white horse, absorbed Mark.
110|-1|By rolling over in her upper berth, Tatyana could look over the edge of it and see her mother plainly.|How very small and straight and rigid she lay in the bunk below! Her eyes were closed, but Tatyana doubted if she slept.|Tatyana could see her mother plainly from the upper berth when she rolled over.
111|-1|Most of the boys liked Johnny; only Dave hated him.|Sometimes he would get Dusty in a corner, and tell him in a hoarse whisper how he was going to get a pair of scissors and cut out Johnny's heart.|Dave was the only one who didn’t like Johnny. Most of the boys liked him.
112|-1|Maude and Dora had seen the trains rushing across the prairie, with long, rolling puffs of black smoke streaming back from the engine.|Their roars and their wild, clear whistles could be heard from far away. Horses ran away when they saw a train coming.|Maude and Dora had seen the trains rushing across the prairie, with long, rolling puffs of black smoke streaming back from the engine. They were fascinated by the speed and power of the trains, and couldn't wait to get on board themselves.
113|-1|The Harbor folks said Grandma kept her house so clean that you could|wipe her floor with a clean handkerchief without getting any dirt on it .|see the marks of her daily scrubbing on the floor.
114|-1|Maude wondered again why Bernard was seeing her home, when he was so much older than she.|Mr. Dombey or any friend of Dad's might see her safely there. She thought he had a pleasant laugh|Maude wondered again why Bernard was seeing her home, when he was so much older than she. He was a widower, and she was still young enough to be his daughter. It was not an appropriate relationship, but Bernard was very wealthy and very powerful. He had offered to buy her family's home and give her a large sum of money to leave him alone. She had refused, but she was very lonely and the offer had been very tempting. She had begun to think that
115|-1|Muriel has a famous painting of a ballerina|by Cecile d'Arblay hanging in her living room.|which she painted when she was a young artist
116|-1|Your life is yours and yours alone,|and if the pain outweighs the benefit, you should have the option to end it .|to do with as you wish.
117|-1|When I got to the house, Mrs.|Everett, the housekeeper, told me that Hermione was in her room, watching her maid pack.|White was standing at the door.
118|-1|Most of the boys liked Johnny; only Dave hated him.|Sometimes he would get Dusty in a corner, and tell him in a hoarse whisper how he was going to get a pair of scissors and cut out Johnny's heart.|Dave was the only one who didn't like Johnny. Most of the boys liked him.
119|-1|Muriel has in her living room a famous painting of a ballerina.|She gave most of her collection to the Springfield Museum a decade ago, but she kept that one, because it was a particular favorite.|The ballerina in the painting is wearing a blue tutu and is dancing with a red ribbon.
120|-1|Laufer's play was inspired by a court case in which the Havasupai Tribe claimed|that researchers from Arizona State University used their DNA samples improperly.|"that a development project would violate their religious rights. The court ruled 
 ### INSTRUCTION: that the Havasupai Tribe did not have a legitimate claim to the land in question. 
 ### Laufer's play was based on this court case."
121|-1|Muriel has in her living room a famous painting of a ballerina.|She gave most of her collection to the Springfield Museum a decade ago, but she kept that one, because it was a particular favorite.|The ballerina in the painting is wearing a blue tutu.
122|-1|Grandma had set a place for Mary; and once Mrs.|Wyman was seated, she pulled her, protesting, to it.|"Grandma had set a place for Mary; and once Mrs. 
 ### INSTRUCTION: Grandma had set a place for Mary; and once Mrs. 
 ### SECOND PIECE: Grandma had set a place for Mary; and once Mrs. 
 ### INSTRUCTION: Grandma had set a place for Mary; and once Mrs. 
 ### SECOND PIECE: Grandma had set a place for Mary; and once Mrs."
123|-1|The cookstove was warming the kitchen,|and the lamplight made it seem even warmer.|and the cat was sitting on the counter.
124|-1|Maude wondered again why Bernard was seeing her home, when he was so much older than she.|Mr. Dombey or any friend of Dad's might see her safely there. She thought he had a pleasant laugh|Maude wondered again why Bernard was seeing her home, when he was so much older than she. He was always so polite and well-mannered, she thought, as he helped her with her coat and escorted her to the door. She had known him since they were children, and he had always been a gentleman. But now, as he leaned in to kiss her goodbye, she felt a thrill of excitement. She wanted to kiss him back, to let him know how she felt.
125|-1|Not since the British army come to Boston had Mark removed his hat when|the British flag went by except once when it was knocked off by a soldier.|entering a building.
126|-1|The doctor had ordered six months of country air for|Colonel Christian's son Paul once he recovered sufficiently.|the patient.
127|-1|The cookstove was warming the kitchen,|and the lamplight made it seem even warmer.|but the dog was barking at the mailman.
128|-1|Kotkin describes how Lev Kamenev,|Stalin's old Pravda co-editor, and Grigory Zinoviev, who with Stalin and Kamenev had formed a ruling troika during Lenin's final illness, were dragged out of their prison cells in 1936 for a meeting with Stalin; he urged them to confess, for old times' sake.|a leading Soviet politician, was born in 1917.
129|-1|Mark became absorbed in Blaze, the white horse.|He was afraid the stable boys at the Burlington Stables struck at him and bullied him because he was timid, so he took upon himself the feeding and care of the animal.|Blaze, the white horse, became absorbed in Mark.
130|-1|Maude and Dora had seen the trains rushing across the prairie, with long, rolling puffs of black smoke streaming back from the engine.|Their roars and their wild, clear whistles could be heard from far away. Horses ran away when they saw a train coming.|Maude and Dora had seen the trains rushing across the prairie, with long, rolling puffs of black smoke streaming back from the engine. The trains were filled with people and things that were going somewhere, and the engines growled and puffed as they pulled the heavy trains along. The prairie was filled with the sounds of the trains and the wind, and the sun was setting low in the sky, casting long shadows over the trains and the prairie.
131|-1|After a somewhat lengthy conversation, Nancy convinced the housekeeper that there was no immediate cause for alarm.|She did not mention the incident at the Hamilton bus station, knowing it would only add to Mrs. Gruen's uneasiness.|The housekeeper agreed to tell Nancy what she knew.
132|-1|Muriel has in her living room a famous painting of a ballerina.|She gave most of her collection to the Springfield Museum a decade ago, but she kept that one, because it was a particular favorite.|The ballerina in the painting is wearing a blue tutu.
133|-1|When Maude got to school, Nell Raleigh was already there.|She tucked her mittened hand under Maude's arm and squeezed it .|Nell Raleigh was already there when Maude got to school.
134|-1|Most of the boys liked Johnny; only Dave hated him.|Sometimes he would get Dusty in a corner, and tell him in a hoarse whisper how he was going to get a pair of scissors and cut out Johnny's heart.|Johnny was liked by most of the boys, except for Dave, who hated him.
135|-1|Last week,|the Jackson administration dropped its plans to limit the car-service app's growth while it studies the impact of ride-hailing apps on traffic.|"I went to the 
 ### FIRST PIECE: grocery store to buy 
 ### SECOND PIECE: some bread and milk. 
 ### FIRST PIECE: I was surprised to see 
 ### SECOND PIECE: that the store was out of 
 ### FIRST PIECE: bread and milk, 
 ### SECOND PIECE: and also out of 
 ### FIRST PIECE: many other items. 
 ### SECOND"
136|-1|Chameleon Street' is an exuberantly comic drama that's adapted from the stories of two con men,|and includes as actors some of the people involved in their lives.|"brothers who live in a small town in the American South. The story focuses on the relationship between the two brothers, 
 ### FINAL PIECE: and the lies they tell to each other and to themselves. The film is a character study of two brothers who are both victim and perpetrator of their own deceptions."
137|-1|The Harbor folks said Grandma kept her house so clean that you could|wipe her floor with a clean handkerchief without getting any dirt on it .|see the marks of her daily prayer on the wall.
138|-1|Mark became absorbed in Blaze, the white horse.|He was afraid the stable boys at the Burlington Stables struck at him and bullied him because he was timid, so he took upon himself the feeding and care of the animal.|Blaze, the white horse, absorbed Mark.
139|-1|Mary offered to give her theater tickets to|Sally because she had to work late that night.|her friend, but she was out of town.
140|-1|Muriel has in her living room a famous painting of the ballerina Theresa Rubio.|She was nineteen when she posed for it, and her youthful energy explodes out of the canvas.|Theresa Rubio was born in Paris, France. She began dancing at the age of 12. At age 15, she was accepted into the Paris Opera Ballet.
141|-1|A number of times Henry had been present at interviews which his father had had with noted detectives who desired his aid in solving perplexing mysteries,|and those occasions stood out as red-letter days for him.|Henry had been present at interviews which his father had had with noted detectives who desired his aid in solving perplexing mysteries, a number of times.
142|-1|Muriel has in her living room a famous painting of the ballerina Theresa Rubio by Cecile d'Arblay.|It is very characteristic of her later work --- impetuous, almost crude, rather than realistic.|d'Arblay is a French painter born in 1840, who specialized in depictions of ballerinas. One of her most famous works is the painting of Muriel's living room, which depicts the ballerina Theresa Rubio.
143|-1|The cookstove was warming the kitchen,|and the lamplight made it seem even warmer.|"but the cat was curled up on the floor, 
 ### FIRST PIECE: so the stove was not warmed by the cat."
144|-1|Mat advanced at once to the bureau, starting involuntarily when he bumped into Mr.|Blyth's mannequin with the Spanish hat and Roman toga; and cursing it under his breath for standing in his way as if it had been a living creature.|"Farnsworth, who was sitting there, and continued until he had reached the 
 ### END of the line."
145|-1|Muriel has in her living room a famous painting of a ballerina.|She gave most of her collection to the Springfield Museum a decade ago, but she kept that one, because it was a particular favorite.|The ballerina in the painting is wearing a pink tutu.
